Iso3,StartDate,EndDate,Area Code,Area,Item Code,Item,Element Code,Element,Year Code,Year,Unit,Value,Flag,Note
#country+code,#date+start,#date+end,,#country+name,#indicator+code,#indicator+name,,,,#date+year,#indicator+type,#indicator+value+num,,
GHA,2000-01-01,2002-12-31,81,Ghana,21010,Average dietary energy supply adequacy (percent) (3-year average),6121,Value,20002002,2002,%,114,F,
GHA,2001-01-01,2003-12-31,81,Ghana,21010,Average dietary energy supply adequacy (percent) (3-year average),6121,Value,20012003,2003,%,116,F,
GHA,2002-01-01,2004-12-31,81,Ghana,21010,Average dietary energy supply adequacy (percent) (3-year average),6121,Value,20022004,2004,%,118,F,
GHA,2003-01-01,2005-12-31,81,Ghana,21010,Average dietary energy supply adequacy (percent) (3-year average),6121,Value,20032005,2005,%,119,F,
GHA,2004-01-01,2006-12-31,81,Ghana,21010,Average dietary energy supply adequacy (percent) (3-year average),6121,Value,20042006,2006,%,121,F,
GHA,2005-01-01,2007-12-31,81,Ghana,21010,Average dietary energy supply adequacy (percent) (3-year average),6121,Value,20052007,2007,%,122,F,
GHA,2006-01-01,2008-12-31,81,Ghana,21010,Average dietary energy supply adequacy (percent) (3-year average),6121,Value,20062008,2008,%,125,F,
GHA,2007-01-01,2009-12-31,81,Ghana,21010,Average dietary energy supply adequacy (percent) (3-year average),6121,Value,20072009,2009,%,128,F,
GHA,2008-01-01,2010-12-31,81,Ghana,21010,Average dietary energy supply adequacy (percent) (3-year average),6121,Value,20082010,2010,%,131,F,
GHA,2009-01-01,2011-12-31,81,Ghana,21010,Average dietary energy supply adequacy (percent) (3-year average),6121,Value,20092011,2011,%,131,F,
GHA,2010-01-01,2012-12-31,81,Ghana,21010,Average dietary energy supply adequacy (percent) (3-year average),6121,Value,20102012,2012,%,131,F,
GHA,2011-01-01,2013-12-31,81,Ghana,21010,Average dietary energy supply adequacy (percent) (3-year average),6121,Value,20112013,2013,%,130,F,
GHA,2012-01-01,2014-12-31,81,Ghana,21010,Average dietary energy supply adequacy (percent) (3-year average),6121,Value,20122014,2014,%,130,F,
GHA,2013-01-01,2015-12-31,81,Ghana,21010,Average dietary energy supply adequacy (percent) (3-year average),6121,Value,20132015,2015,%,129,F,
GHA,2014-01-01,2016-12-31,81,Ghana,21010,Average dietary energy supply adequacy (percent) (3-year average),6121,Value,20142016,2016,%,129,F,
GHA,2015-01-01,2017-12-31,81,Ghana,21010,Average dietary energy supply adequacy (percent) (3-year average),6121,Value,20152017,2017,%,129,F,
GHA,2016-01-01,2018-12-31,81,Ghana,21010,Average dietary energy supply adequacy (percent) (3-year average),6121,Value,20162018,2018,%,130,F,
GHA,2017-01-01,2019-12-31,81,Ghana,21010,Average dietary energy supply adequacy (percent) (3-year average),6121,Value,20172019,2019,%,133,F,
GHA,2018-01-01,2020-12-31,81,Ghana,21010,Average dietary energy supply adequacy (percent) (3-year average),6121,Value,20182020,2020,%,134,F,
GHA,2000-01-01,2002-12-31,81,Ghana,21011,Average value of food production (constant 2004-2006 I$/cap) (3-year average),6122,Value,20002002,2002,I$ per person,221,F,
GHA,2001-01-01,2003-12-31,81,Ghana,21011,Average value of food production (constant 2004-2006 I$/cap) (3-year average),6122,Value,20012003,2003,I$ per person,229,F,
GHA,2002-01-01,2004-12-31,81,Ghana,21011,Average value of food production (constant 2004-2006 I$/cap) (3-year average),6122,Value,20022004,2004,I$ per person,236,F,
GHA,2003-01-01,2005-12-31,81,Ghana,21011,Average value of food production (constant 2004-2006 I$/cap) (3-year average),6122,Value,20032005,2005,I$ per person,238,F,
GHA,2004-01-01,2006-12-31,81,Ghana,21011,Average value of food production (constant 2004-2006 I$/cap) (3-year average),6122,Value,20042006,2006,I$ per person,239,F,
GHA,2005-01-01,2007-12-31,81,Ghana,21011,Average value of food production (constant 2004-2006 I$/cap) (3-year average),6122,Value,20052007,2007,I$ per person,236,F,
GHA,2006-01-01,2008-12-31,81,Ghana,21011,Average value of food production (constant 2004-2006 I$/cap) (3-year average),6122,Value,20062008,2008,I$ per person,240,F,
GHA,2007-01-01,2009-12-31,81,Ghana,21011,Average value of food production (constant 2004-2006 I$/cap) (3-year average),6122,Value,20072009,2009,I$ per person,249,F,
GHA,2008-01-01,2010-12-31,81,Ghana,21011,Average value of food production (constant 2004-2006 I$/cap) (3-year average),6122,Value,20082010,2010,I$ per person,262,F,
GHA,2009-01-01,2011-12-31,81,Ghana,21011,Average value of food production (constant 2004-2006 I$/cap) (3-year average),6122,Value,20092011,2011,I$ per person,269,F,
GHA,2010-01-01,2012-12-31,81,Ghana,21011,Average value of food production (constant 2004-2006 I$/cap) (3-year average),6122,Value,20102012,2012,I$ per person,273,F,
GHA,2011-01-01,2013-12-31,81,Ghana,21011,Average value of food production (constant 2004-2006 I$/cap) (3-year average),6122,Value,20112013,2013,I$ per person,278,F,
GHA,2012-01-01,2014-12-31,81,Ghana,21011,Average value of food production (constant 2004-2006 I$/cap) (3-year average),6122,Value,20122014,2014,I$ per person,284,F,
GHA,2013-01-01,2015-12-31,81,Ghana,21011,Average value of food production (constant 2004-2006 I$/cap) (3-year average),6122,Value,20132015,2015,I$ per person,285,F,
GHA,2014-01-01,2016-12-31,81,Ghana,21011,Average value of food production (constant 2004-2006 I$/cap) (3-year average),6122,Value,20142016,2016,I$ per person,285,F,
GHA,2015-01-01,2017-12-31,81,Ghana,21011,Average value of food production (constant 2004-2006 I$/cap) (3-year average),6122,Value,20152017,2017,I$ per person,186,F,
GHA,2016-01-01,2018-12-31,81,Ghana,21011,Average value of food production (constant 2004-2006 I$/cap) (3-year average),6122,Value,20162018,2018,I$ per person,92,F,
GHA,2000-01-01,2002-12-31,81,Ghana,22000,Dietary energy supply used in the estimation of prevalence of undernourishment (kcal/cap/day) (3-year average),6128,Value,20002002,2002,kcal/capita/day,2517,F,
GHA,2001-01-01,2003-12-31,81,Ghana,22000,Dietary energy supply used in the estimation of prevalence of undernourishment (kcal/cap/day) (3-year average),6128,Value,20012003,2003,kcal/capita/day,2570,F,
GHA,2002-01-01,2004-12-31,81,Ghana,22000,Dietary energy supply used in the estimation of prevalence of undernourishment (kcal/cap/day) (3-year average),6128,Value,20022004,2004,kcal/capita/day,2611,F,
GHA,2003-01-01,2005-12-31,81,Ghana,22000,Dietary energy supply used in the estimation of prevalence of undernourishment (kcal/cap/day) (3-year average),6128,Value,20032005,2005,kcal/capita/day,2645,F,
GHA,2004-01-01,2006-12-31,81,Ghana,22000,Dietary energy supply used in the estimation of prevalence of undernourishment (kcal/cap/day) (3-year average),6128,Value,20042006,2006,kcal/capita/day,2698,F,
GHA,2005-01-01,2007-12-31,81,Ghana,22000,Dietary energy supply used in the estimation of prevalence of undernourishment (kcal/cap/day) (3-year average),6128,Value,20052007,2007,kcal/capita/day,2738,F,
GHA,2006-01-01,2008-12-31,81,Ghana,22000,Dietary energy supply used in the estimation of prevalence of undernourishment (kcal/cap/day) (3-year average),6128,Value,20062008,2008,kcal/capita/day,2805,F,
GHA,2007-01-01,2009-12-31,81,Ghana,22000,Dietary energy supply used in the estimation of prevalence of undernourishment (kcal/cap/day) (3-year average),6128,Value,20072009,2009,kcal/capita/day,2873,F,
GHA,2008-01-01,2010-12-31,81,Ghana,22000,Dietary energy supply used in the estimation of prevalence of undernourishment (kcal/cap/day) (3-year average),6128,Value,20082010,2010,kcal/capita/day,2960,F,
GHA,2009-01-01,2011-12-31,81,Ghana,22000,Dietary energy supply used in the estimation of prevalence of undernourishment (kcal/cap/day) (3-year average),6128,Value,20092011,2011,kcal/capita/day,2972,F,
GHA,2010-01-01,2012-12-31,81,Ghana,22000,Dietary energy supply used in the estimation of prevalence of undernourishment (kcal/cap/day) (3-year average),6128,Value,20102012,2012,kcal/capita/day,2971,F,
GHA,2011-01-01,2013-12-31,81,Ghana,22000,Dietary energy supply used in the estimation of prevalence of undernourishment (kcal/cap/day) (3-year average),6128,Value,20112013,2013,kcal/capita/day,2946,F,
GHA,2012-01-01,2014-12-31,81,Ghana,22000,Dietary energy supply used in the estimation of prevalence of undernourishment (kcal/cap/day) (3-year average),6128,Value,20122014,2014,kcal/capita/day,2962,F,
GHA,2013-01-01,2015-12-31,81,Ghana,22000,Dietary energy supply used in the estimation of prevalence of undernourishment (kcal/cap/day) (3-year average),6128,Value,20132015,2015,kcal/capita/day,2946,F,
GHA,2014-01-01,2016-12-31,81,Ghana,22000,Dietary energy supply used in the estimation of prevalence of undernourishment (kcal/cap/day) (3-year average),6128,Value,20142016,2016,kcal/capita/day,2934,F,
GHA,2015-01-01,2017-12-31,81,Ghana,22000,Dietary energy supply used in the estimation of prevalence of undernourishment (kcal/cap/day) (3-year average),6128,Value,20152017,2017,kcal/capita/day,2942,F,
GHA,2016-01-01,2018-12-31,81,Ghana,22000,Dietary energy supply used in the estimation of prevalence of undernourishment (kcal/cap/day) (3-year average),6128,Value,20162018,2018,kcal/capita/day,2979,F,
GHA,2017-01-01,2019-12-31,81,Ghana,22000,Dietary energy supply used in the estimation of prevalence of undernourishment (kcal/cap/day) (3-year average),6128,Value,20172019,2019,kcal/capita/day,3033,F,
GHA,2018-01-01,2020-12-31,81,Ghana,22000,Dietary energy supply used in the estimation of prevalence of undernourishment (kcal/cap/day) (3-year average),6128,Value,20182020,2020,kcal/capita/day,3067,F,
GHA,2000-01-01,2002-12-31,81,Ghana,21012,"Share of dietary energy supply derived from cereals, roots and tubers (kcal/cap/day) (3-year average)",6121,Value,20002002,2002,%,67,F,
GHA,2001-01-01,2003-12-31,81,Ghana,21012,"Share of dietary energy supply derived from cereals, roots and tubers (kcal/cap/day) (3-year average)",6121,Value,20012003,2003,%,67,F,
GHA,2002-01-01,2004-12-31,81,Ghana,21012,"Share of dietary energy supply derived from cereals, roots and tubers (kcal/cap/day) (3-year average)",6121,Value,20022004,2004,%,66,F,
GHA,2003-01-01,2005-12-31,81,Ghana,21012,"Share of dietary energy supply derived from cereals, roots and tubers (kcal/cap/day) (3-year average)",6121,Value,20032005,2005,%,66,F,
GHA,2004-01-01,2006-12-31,81,Ghana,21012,"Share of dietary energy supply derived from cereals, roots and tubers (kcal/cap/day) (3-year average)",6121,Value,20042006,2006,%,64,F,
GHA,2005-01-01,2007-12-31,81,Ghana,21012,"Share of dietary energy supply derived from cereals, roots and tubers (kcal/cap/day) (3-year average)",6121,Value,20052007,2007,%,64,F,
GHA,2006-01-01,2008-12-31,81,Ghana,21012,"Share of dietary energy supply derived from cereals, roots and tubers (kcal/cap/day) (3-year average)",6121,Value,20062008,2008,%,63,F,
GHA,2007-01-01,2009-12-31,81,Ghana,21012,"Share of dietary energy supply derived from cereals, roots and tubers (kcal/cap/day) (3-year average)",6121,Value,20072009,2009,%,63,F,
GHA,2008-01-01,2010-12-31,81,Ghana,21012,"Share of dietary energy supply derived from cereals, roots and tubers (kcal/cap/day) (3-year average)",6121,Value,20082010,2010,%,63,F,
GHA,2009-01-01,2011-12-31,81,Ghana,21012,"Share of dietary energy supply derived from cereals, roots and tubers (kcal/cap/day) (3-year average)",6121,Value,20092011,2011,%,63,F,
GHA,2010-01-01,2012-12-31,81,Ghana,21012,"Share of dietary energy supply derived from cereals, roots and tubers (kcal/cap/day) (3-year average)",6121,Value,20102012,2012,%,63,F,
GHA,2011-01-01,2013-12-31,81,Ghana,21012,"Share of dietary energy supply derived from cereals, roots and tubers (kcal/cap/day) (3-year average)",6121,Value,20112013,2013,%,63,F,
GHA,2012-01-01,2014-12-31,81,Ghana,21012,"Share of dietary energy supply derived from cereals, roots and tubers (kcal/cap/day) (3-year average)",6121,Value,20122014,2014,%,63,F,
GHA,2013-01-01,2015-12-31,81,Ghana,21012,"Share of dietary energy supply derived from cereals, roots and tubers (kcal/cap/day) (3-year average)",6121,Value,20132015,2015,%,64,F,
GHA,2014-01-01,2016-12-31,81,Ghana,21012,"Share of dietary energy supply derived from cereals, roots and tubers (kcal/cap/day) (3-year average)",6121,Value,20142016,2016,%,65,F,
GHA,2015-01-01,2017-12-31,81,Ghana,21012,"Share of dietary energy supply derived from cereals, roots and tubers (kcal/cap/day) (3-year average)",6121,Value,20152017,2017,%,65,F,
GHA,2016-01-01,2018-12-31,81,Ghana,21012,"Share of dietary energy supply derived from cereals, roots and tubers (kcal/cap/day) (3-year average)",6121,Value,20162018,2018,%,65,F,
GHA,2000-01-01,2002-12-31,81,Ghana,21013,Average protein supply (g/cap/day) (3-year average),6123,Value,20002002,2002,g/capita/day,52.4,F,
GHA,2001-01-01,2003-12-31,81,Ghana,21013,Average protein supply (g/cap/day) (3-year average),6123,Value,20012003,2003,g/capita/day,53.7,F,
GHA,2002-01-01,2004-12-31,81,Ghana,21013,Average protein supply (g/cap/day) (3-year average),6123,Value,20022004,2004,g/capita/day,55.7,F,
GHA,2003-01-01,2005-12-31,81,Ghana,21013,Average protein supply (g/cap/day) (3-year average),6123,Value,20032005,2005,g/capita/day,57,F,
GHA,2004-01-01,2006-12-31,81,Ghana,21013,Average protein supply (g/cap/day) (3-year average),6123,Value,20042006,2006,g/capita/day,59,F,
GHA,2005-01-01,2007-12-31,81,Ghana,21013,Average protein supply (g/cap/day) (3-year average),6123,Value,20052007,2007,g/capita/day,59.3,F,
GHA,2006-01-01,2008-12-31,81,Ghana,21013,Average protein supply (g/cap/day) (3-year average),6123,Value,20062008,2008,g/capita/day,61,F,
GHA,2007-01-01,2009-12-31,81,Ghana,21013,Average protein supply (g/cap/day) (3-year average),6123,Value,20072009,2009,g/capita/day,62,F,
GHA,2008-01-01,2010-12-31,81,Ghana,21013,Average protein supply (g/cap/day) (3-year average),6123,Value,20082010,2010,g/capita/day,64,F,
GHA,2009-01-01,2011-12-31,81,Ghana,21013,Average protein supply (g/cap/day) (3-year average),6123,Value,20092011,2011,g/capita/day,65.4,F,
GHA,2010-01-01,2012-12-31,81,Ghana,21013,Average protein supply (g/cap/day) (3-year average),6123,Value,20102012,2012,g/capita/day,66,F,
GHA,2011-01-01,2013-12-31,81,Ghana,21013,Average protein supply (g/cap/day) (3-year average),6123,Value,20112013,2013,g/capita/day,65.6,F,
GHA,2012-01-01,2014-12-31,81,Ghana,21013,Average protein supply (g/cap/day) (3-year average),6123,Value,20122014,2014,g/capita/day,63.6,F,
GHA,2013-01-01,2015-12-31,81,Ghana,21013,Average protein supply (g/cap/day) (3-year average),6123,Value,20132015,2015,g/capita/day,61.6,F,
GHA,2014-01-01,2016-12-31,81,Ghana,21013,Average protein supply (g/cap/day) (3-year average),6123,Value,20142016,2016,g/capita/day,59.6,F,
GHA,2015-01-01,2017-12-31,81,Ghana,21013,Average protein supply (g/cap/day) (3-year average),6123,Value,20152017,2017,g/capita/day,59.3,F,
GHA,2016-01-01,2018-12-31,81,Ghana,21013,Average protein supply (g/cap/day) (3-year average),6123,Value,20162018,2018,g/capita/day,59.7,F,
GHA,2000-01-01,2002-12-31,81,Ghana,21014,Average supply of protein of animal origin (g/cap/day) (3-year average),6123,Value,20002002,2002,g/capita/day,14.3,F,
GHA,2001-01-01,2003-12-31,81,Ghana,21014,Average supply of protein of animal origin (g/cap/day) (3-year average),6123,Value,20012003,2003,g/capita/day,13.7,F,
GHA,2002-01-01,2004-12-31,81,Ghana,21014,Average supply of protein of animal origin (g/cap/day) (3-year average),6123,Value,20022004,2004,g/capita/day,14.4,F,
GHA,2003-01-01,2005-12-31,81,Ghana,21014,Average supply of protein of animal origin (g/cap/day) (3-year average),6123,Value,20032005,2005,g/capita/day,14.7,F,
GHA,2004-01-01,2006-12-31,81,Ghana,21014,Average supply of protein of animal origin (g/cap/day) (3-year average),6123,Value,20042006,2006,g/capita/day,15.7,F,
GHA,2005-01-01,2007-12-31,81,Ghana,21014,Average supply of protein of animal origin (g/cap/day) (3-year average),6123,Value,20052007,2007,g/capita/day,16,F,
GHA,2006-01-01,2008-12-31,81,Ghana,21014,Average supply of protein of animal origin (g/cap/day) (3-year average),6123,Value,20062008,2008,g/capita/day,16.3,F,
GHA,2007-01-01,2009-12-31,81,Ghana,21014,Average supply of protein of animal origin (g/cap/day) (3-year average),6123,Value,20072009,2009,g/capita/day,15.6,F,
GHA,2008-01-01,2010-12-31,81,Ghana,21014,Average supply of protein of animal origin (g/cap/day) (3-year average),6123,Value,20082010,2010,g/capita/day,15,F,
GHA,2009-01-01,2011-12-31,81,Ghana,21014,Average supply of protein of animal origin (g/cap/day) (3-year average),6123,Value,20092011,2011,g/capita/day,15.4,F,
GHA,2010-01-01,2012-12-31,81,Ghana,21014,Average supply of protein of animal origin (g/cap/day) (3-year average),6123,Value,20102012,2012,g/capita/day,16,F,
GHA,2011-01-01,2013-12-31,81,Ghana,21014,Average supply of protein of animal origin (g/cap/day) (3-year average),6123,Value,20112013,2013,g/capita/day,16.7,F,
GHA,2012-01-01,2014-12-31,81,Ghana,21014,Average supply of protein of animal origin (g/cap/day) (3-year average),6123,Value,20122014,2014,g/capita/day,15.7,F,
GHA,2013-01-01,2015-12-31,81,Ghana,21014,Average supply of protein of animal origin (g/cap/day) (3-year average),6123,Value,20132015,2015,g/capita/day,15,F,
GHA,2014-01-01,2016-12-31,81,Ghana,21014,Average supply of protein of animal origin (g/cap/day) (3-year average),6123,Value,20142016,2016,g/capita/day,14,F,
GHA,2015-01-01,2017-12-31,81,Ghana,21014,Average supply of protein of animal origin (g/cap/day) (3-year average),6123,Value,20152017,2017,g/capita/day,14.3,F,
GHA,2016-01-01,2018-12-31,81,Ghana,21014,Average supply of protein of animal origin (g/cap/day) (3-year average),6123,Value,20162018,2018,g/capita/day,14.7,F,
GHA,2000-01-01,2000-12-31,81,Ghana,21016,Rail lines density (total route in km per 100 square km of land area),6124,Value,2000,2000,per 100 square km of land area,0.4,X,
GHA,2001-01-01,2001-12-31,81,Ghana,21016,Rail lines density (total route in km per 100 square km of land area),6124,Value,2001,2001,per 100 square km of land area,0.4,X,
GHA,2002-01-01,2002-12-31,81,Ghana,21016,Rail lines density (total route in km per 100 square km of land area),6124,Value,2002,2002,per 100 square km of land area,0.4,X,
GHA,2003-01-01,2003-12-31,81,Ghana,21016,Rail lines density (total route in km per 100 square km of land area),6124,Value,2003,2003,per 100 square km of land area,0.4,X,
GHA,2006-01-01,2006-12-31,81,Ghana,21016,Rail lines density (total route in km per 100 square km of land area),6124,Value,2006,2006,per 100 square km of land area,0.4,X,
GHA,2000-01-01,2000-12-31,81,Ghana,22013,"Gross domestic product per capita, PPP, dissemination (constant 2011 international $)",6126,Value,2000,2000,I$,2734.8,X,
GHA,2001-01-01,2001-12-31,81,Ghana,22013,"Gross domestic product per capita, PPP, dissemination (constant 2011 international $)",6126,Value,2001,2001,I$,2775.4,X,
GHA,2002-01-01,2002-12-31,81,Ghana,22013,"Gross domestic product per capita, PPP, dissemination (constant 2011 international $)",6126,Value,2002,2002,I$,2830.2,X,
GHA,2003-01-01,2003-12-31,81,Ghana,22013,"Gross domestic product per capita, PPP, dissemination (constant 2011 international $)",6126,Value,2003,2003,I$,2905,X,
GHA,2004-01-01,2004-12-31,81,Ghana,22013,"Gross domestic product per capita, PPP, dissemination (constant 2011 international $)",6126,Value,2004,2004,I$,2992.4,X,
GHA,2005-01-01,2005-12-31,81,Ghana,22013,"Gross domestic product per capita, PPP, dissemination (constant 2011 international $)",6126,Value,2005,2005,I$,3090.2,X,
GHA,2006-01-01,2006-12-31,81,Ghana,22013,"Gross domestic product per capita, PPP, dissemination (constant 2011 international $)",6126,Value,2006,2006,I$,3205,X,
GHA,2007-01-01,2007-12-31,81,Ghana,22013,"Gross domestic product per capita, PPP, dissemination (constant 2011 international $)",6126,Value,2007,2007,I$,3259.2,X,
GHA,2008-01-01,2008-12-31,81,Ghana,22013,"Gross domestic product per capita, PPP, dissemination (constant 2011 international $)",6126,Value,2008,2008,I$,3466.8,X,
GHA,2009-01-01,2009-12-31,81,Ghana,22013,"Gross domestic product per capita, PPP, dissemination (constant 2011 international $)",6126,Value,2009,2009,I$,3543.5,X,
GHA,2010-01-01,2010-12-31,81,Ghana,22013,"Gross domestic product per capita, PPP, dissemination (constant 2011 international $)",6126,Value,2010,2010,I$,3729.5,X,
GHA,2011-01-01,2011-12-31,81,Ghana,22013,"Gross domestic product per capita, PPP, dissemination (constant 2011 international $)",6126,Value,2011,2011,I$,4151.5,X,
GHA,2012-01-01,2012-12-31,81,Ghana,22013,"Gross domestic product per capita, PPP, dissemination (constant 2011 international $)",6126,Value,2012,2012,I$,4431,X,
GHA,2013-01-01,2013-12-31,81,Ghana,22013,"Gross domestic product per capita, PPP, dissemination (constant 2011 international $)",6126,Value,2013,2013,I$,4645.8,X,
GHA,2014-01-01,2014-12-31,81,Ghana,22013,"Gross domestic product per capita, PPP, dissemination (constant 2011 international $)",6126,Value,2014,2014,I$,4670.2,X,
GHA,2015-01-01,2015-12-31,81,Ghana,22013,"Gross domestic product per capita, PPP, dissemination (constant 2011 international $)",6126,Value,2015,2015,I$,4662.3,X,
GHA,2016-01-01,2016-12-31,81,Ghana,22013,"Gross domestic product per capita, PPP, dissemination (constant 2011 international $)",6126,Value,2016,2016,I$,4712.5,X,
GHA,2017-01-01,2017-12-31,81,Ghana,22013,"Gross domestic product per capita, PPP, dissemination (constant 2011 international $)",6126,Value,2017,2017,I$,4983.7,X,
GHA,2018-01-01,2018-12-31,81,Ghana,22013,"Gross domestic product per capita, PPP, dissemination (constant 2011 international $)",6126,Value,2018,2018,I$,5177.9,X,
GHA,2019-01-01,2019-12-31,81,Ghana,22013,"Gross domestic product per capita, PPP, dissemination (constant 2011 international $)",6126,Value,2019,2019,I$,5396.9,X,
GHA,2020-01-01,2020-12-31,81,Ghana,22013,"Gross domestic product per capita, PPP, dissemination (constant 2011 international $)",6126,Value,2020,2020,I$,5305,X,
GHA,2000-01-01,2002-12-31,81,Ghana,210041,Prevalence of undernourishment (percent) (3-year average),6121,Value,20002002,2002,%,14.9,F,
GHA,2001-01-01,2003-12-31,81,Ghana,210041,Prevalence of undernourishment (percent) (3-year average),6121,Value,20012003,2003,%,13.5,F,
GHA,2002-01-01,2004-12-31,81,Ghana,210041,Prevalence of undernourishment (percent) (3-year average),6121,Value,20022004,2004,%,12.6,F,
GHA,2003-01-01,2005-12-31,81,Ghana,210041,Prevalence of undernourishment (percent) (3-year average),6121,Value,20032005,2005,%,12.2,F,
GHA,2004-01-01,2006-12-31,81,Ghana,210041,Prevalence of undernourishment (percent) (3-year average),6121,Value,20042006,2006,%,11.2,F,
GHA,2005-01-01,2007-12-31,81,Ghana,210041,Prevalence of undernourishment (percent) (3-year average),6121,Value,20052007,2007,%,10.6,F,
GHA,2006-01-01,2008-12-31,81,Ghana,210041,Prevalence of undernourishment (percent) (3-year average),6121,Value,20062008,2008,%,9.4,F,
GHA,2007-01-01,2009-12-31,81,Ghana,210041,Prevalence of undernourishment (percent) (3-year average),6121,Value,20072009,2009,%,8.2,F,
GHA,2008-01-01,2010-12-31,81,Ghana,210041,Prevalence of undernourishment (percent) (3-year average),6121,Value,20082010,2010,%,6.7,F,
GHA,2009-01-01,2011-12-31,81,Ghana,210041,Prevalence of undernourishment (percent) (3-year average),6121,Value,20092011,2011,%,6.6,F,
GHA,2010-01-01,2012-12-31,81,Ghana,210041,Prevalence of undernourishment (percent) (3-year average),6121,Value,20102012,2012,%,6.7,F,
GHA,2011-01-01,2013-12-31,81,Ghana,210041,Prevalence of undernourishment (percent) (3-year average),6121,Value,20112013,2013,%,7.2,F,
GHA,2012-01-01,2014-12-31,81,Ghana,210041,Prevalence of undernourishment (percent) (3-year average),6121,Value,20122014,2014,%,7.1,F,
GHA,2013-01-01,2015-12-31,81,Ghana,210041,Prevalence of undernourishment (percent) (3-year average),6121,Value,20132015,2015,%,7.4,F,
GHA,2014-01-01,2016-12-31,81,Ghana,210041,Prevalence of undernourishment (percent) (3-year average),6121,Value,20142016,2016,%,7.7,F,
GHA,2015-01-01,2017-12-31,81,Ghana,210041,Prevalence of undernourishment (percent) (3-year average),6121,Value,20152017,2017,%,7.6,F,
GHA,2016-01-01,2018-12-31,81,Ghana,210041,Prevalence of undernourishment (percent) (3-year average),6121,Value,20162018,2018,%,7.1,F,
GHA,2017-01-01,2019-12-31,81,Ghana,210041,Prevalence of undernourishment (percent) (3-year average),6121,Value,20172019,2019,%,6.4,F,
GHA,2018-01-01,2020-12-31,81,Ghana,210041,Prevalence of undernourishment (percent) (3-year average),6121,Value,20182020,2020,%,6.1,F,
GHA,2000-01-01,2002-12-31,81,Ghana,210011,Number of people undernourished (million) (3-year average),6132,Value,20002002,2002,millions,2.9,F,
GHA,2001-01-01,2003-12-31,81,Ghana,210011,Number of people undernourished (million) (3-year average),6132,Value,20012003,2003,millions,2.7,F,
GHA,2002-01-01,2004-12-31,81,Ghana,210011,Number of people undernourished (million) (3-year average),6132,Value,20022004,2004,millions,2.6,F,
GHA,2003-01-01,2005-12-31,81,Ghana,210011,Number of people undernourished (million) (3-year average),6132,Value,20032005,2005,millions,2.6,F,
GHA,2004-01-01,2006-12-31,81,Ghana,210011,Number of people undernourished (million) (3-year average),6132,Value,20042006,2006,millions,2.5,F,
GHA,2005-01-01,2007-12-31,81,Ghana,210011,Number of people undernourished (million) (3-year average),6132,Value,20052007,2007,millions,2.4,F,
GHA,2006-01-01,2008-12-31,81,Ghana,210011,Number of people undernourished (million) (3-year average),6132,Value,20062008,2008,millions,2.1,F,
GHA,2007-01-01,2009-12-31,81,Ghana,210011,Number of people undernourished (million) (3-year average),6132,Value,20072009,2009,millions,1.9,F,
GHA,2008-01-01,2010-12-31,81,Ghana,210011,Number of people undernourished (million) (3-year average),6132,Value,20082010,2010,millions,1.6,F,
GHA,2009-01-01,2011-12-31,81,Ghana,210011,Number of people undernourished (million) (3-year average),6132,Value,20092011,2011,millions,1.6,F,
GHA,2010-01-01,2012-12-31,81,Ghana,210011,Number of people undernourished (million) (3-year average),6132,Value,20102012,2012,millions,1.7,F,
GHA,2011-01-01,2013-12-31,81,Ghana,210011,Number of people undernourished (million) (3-year average),6132,Value,20112013,2013,millions,1.9,F,
GHA,2012-01-01,2014-12-31,81,Ghana,210011,Number of people undernourished (million) (3-year average),6132,Value,20122014,2014,millions,1.9,F,
GHA,2013-01-01,2015-12-31,81,Ghana,210011,Number of people undernourished (million) (3-year average),6132,Value,20132015,2015,millions,2,F,
GHA,2014-01-01,2016-12-31,81,Ghana,210011,Number of people undernourished (million) (3-year average),6132,Value,20142016,2016,millions,2.1,F,
GHA,2015-01-01,2017-12-31,81,Ghana,210011,Number of people undernourished (million) (3-year average),6132,Value,20152017,2017,millions,2.2,F,
GHA,2016-01-01,2018-12-31,81,Ghana,210011,Number of people undernourished (million) (3-year average),6132,Value,20162018,2018,millions,2.1,F,
GHA,2017-01-01,2019-12-31,81,Ghana,210011,Number of people undernourished (million) (3-year average),6132,Value,20172019,2019,millions,1.9,F,
GHA,2018-01-01,2020-12-31,81,Ghana,210011,Number of people undernourished (million) (3-year average),6132,Value,20182020,2020,millions,1.8,F,
GHA,2014-01-01,2016-12-31,81,Ghana,210401,Prevalence of severe food insecurity in the total population (percent) (3-year average),6121,Value,20142016,2016,%,7.6,,Official estimate integrated with FAO data
GHA,2015-01-01,2017-12-31,81,Ghana,210401,Prevalence of severe food insecurity in the total population (percent) (3-year average),6121,Value,20152017,2017,%,7.9,,Official estimate integrated with FAO data
GHA,2016-01-01,2018-12-31,81,Ghana,210401,Prevalence of severe food insecurity in the total population (percent) (3-year average),6121,Value,20162018,2018,%,8.1,,Official estimate integrated with FAO data
GHA,2017-01-01,2019-12-31,81,Ghana,210401,Prevalence of severe food insecurity in the total population (percent) (3-year average),6121,Value,20172019,2019,%,8.3,,Official estimate integrated with FAO data
GHA,2018-01-01,2020-12-31,81,Ghana,210401,Prevalence of severe food insecurity in the total population (percent) (3-year average),6121,Value,20182020,2020,%,8.6,,Official estimate integrated with FAO data
GHA,2014-01-01,2016-12-31,81,Ghana,210091,Prevalence of moderate or severe food insecurity in the total population (percent) (3-year average),6121,Value,20142016,2016,%,49.3,,Official estimate integrated with FAO data
GHA,2015-01-01,2017-12-31,81,Ghana,210091,Prevalence of moderate or severe food insecurity in the total population (percent) (3-year average),6121,Value,20152017,2017,%,49.6,,Official estimate integrated with FAO data
GHA,2016-01-01,2018-12-31,81,Ghana,210091,Prevalence of moderate or severe food insecurity in the total population (percent) (3-year average),6121,Value,20162018,2018,%,49.8,,Official estimate integrated with FAO data
GHA,2017-01-01,2019-12-31,81,Ghana,210091,Prevalence of moderate or severe food insecurity in the total population (percent) (3-year average),6121,Value,20172019,2019,%,50,,Official estimate integrated with FAO data
GHA,2018-01-01,2020-12-31,81,Ghana,210091,Prevalence of moderate or severe food insecurity in the total population (percent) (3-year average),6121,Value,20182020,2020,%,50.2,,Official estimate integrated with FAO data
GHA,2014-01-01,2016-12-31,81,Ghana,210071,Number of severely food insecure people (million) (3-year average),6132,Value,20142016,2016,millions,2.1,,Official estimate integrated with FAO data
GHA,2015-01-01,2017-12-31,81,Ghana,210071,Number of severely food insecure people (million) (3-year average),6132,Value,20152017,2017,millions,2.2,,Official estimate integrated with FAO data
GHA,2016-01-01,2018-12-31,81,Ghana,210071,Number of severely food insecure people (million) (3-year average),6132,Value,20162018,2018,millions,2.4,,Official estimate integrated with FAO data
GHA,2017-01-01,2019-12-31,81,Ghana,210071,Number of severely food insecure people (million) (3-year average),6132,Value,20172019,2019,millions,2.5,,Official estimate integrated with FAO data
GHA,2018-01-01,2020-12-31,81,Ghana,210071,Number of severely food insecure people (million) (3-year average),6132,Value,20182020,2020,millions,2.6,,Official estimate integrated with FAO data
GHA,2014-01-01,2016-12-31,81,Ghana,210081,Number of moderately or severely food insecure people (million) (3-year average),6132,Value,20142016,2016,millions,13.7,,Official estimate integrated with FAO data
GHA,2015-01-01,2017-12-31,81,Ghana,210081,Number of moderately or severely food insecure people (million) (3-year average),6132,Value,20152017,2017,millions,14.1,,Official estimate integrated with FAO data
GHA,2016-01-01,2018-12-31,81,Ghana,210081,Number of moderately or severely food insecure people (million) (3-year average),6132,Value,20162018,2018,millions,14.5,,Official estimate integrated with FAO data
GHA,2017-01-01,2019-12-31,81,Ghana,210081,Number of moderately or severely food insecure people (million) (3-year average),6132,Value,20172019,2019,millions,14.9,,Official estimate integrated with FAO data
GHA,2018-01-01,2020-12-31,81,Ghana,210081,Number of moderately or severely food insecure people (million) (3-year average),6132,Value,20182020,2020,millions,15.3,,Official estimate integrated with FAO data
GHA,2000-01-01,2002-12-31,81,Ghana,21035,Cereal import dependency ratio (percent) (3-year average),6121,Value,20002002,2002,%,26.1,F,
GHA,2001-01-01,2003-12-31,81,Ghana,21035,Cereal import dependency ratio (percent) (3-year average),6121,Value,20012003,2003,%,32.2,F,
GHA,2002-01-01,2004-12-31,81,Ghana,21035,Cereal import dependency ratio (percent) (3-year average),6121,Value,20022004,2004,%,37.8,F,
GHA,2003-01-01,2005-12-31,81,Ghana,21035,Cereal import dependency ratio (percent) (3-year average),6121,Value,20032005,2005,%,41.6,F,
GHA,2004-01-01,2006-12-31,81,Ghana,21035,Cereal import dependency ratio (percent) (3-year average),6121,Value,20042006,2006,%,38.6,F,
GHA,2005-01-01,2007-12-31,81,Ghana,21035,Cereal import dependency ratio (percent) (3-year average),6121,Value,20052007,2007,%,34.5,F,
GHA,2006-01-01,2008-12-31,81,Ghana,21035,Cereal import dependency ratio (percent) (3-year average),6121,Value,20062008,2008,%,32.1,F,
GHA,2007-01-01,2009-12-31,81,Ghana,21035,Cereal import dependency ratio (percent) (3-year average),6121,Value,20072009,2009,%,29.7,F,
GHA,2008-01-01,2010-12-31,81,Ghana,21035,Cereal import dependency ratio (percent) (3-year average),6121,Value,20082010,2010,%,25.2,F,
GHA,2009-01-01,2011-12-31,81,Ghana,21035,Cereal import dependency ratio (percent) (3-year average),6121,Value,20092011,2011,%,25.8,F,
GHA,2010-01-01,2012-12-31,81,Ghana,21035,Cereal import dependency ratio (percent) (3-year average),6121,Value,20102012,2012,%,25.3,F,
GHA,2011-01-01,2013-12-31,81,Ghana,21035,Cereal import dependency ratio (percent) (3-year average),6121,Value,20112013,2013,%,28.6,F,
GHA,2012-01-01,2014-12-31,81,Ghana,21035,Cereal import dependency ratio (percent) (3-year average),6121,Value,20122014,2014,%,28.3,F,
GHA,2013-01-01,2015-12-31,81,Ghana,21035,Cereal import dependency ratio (percent) (3-year average),6121,Value,20132015,2015,%,31.2,F,
GHA,2014-01-01,2016-12-31,81,Ghana,21035,Cereal import dependency ratio (percent) (3-year average),6121,Value,20142016,2016,%,32,F,
GHA,2015-01-01,2017-12-31,81,Ghana,21035,Cereal import dependency ratio (percent) (3-year average),6121,Value,20152017,2017,%,34.5,F,
GHA,2016-01-01,2018-12-31,81,Ghana,21035,Cereal import dependency ratio (percent) (3-year average),6121,Value,20162018,2018,%,34.5,F,
GHA,2000-01-01,2002-12-31,81,Ghana,21034,Percent of arable land equipped for irrigation (percent) (3-year average),6121,Value,20002002,2002,%,0.8,F,
GHA,2001-01-01,2003-12-31,81,Ghana,21034,Percent of arable land equipped for irrigation (percent) (3-year average),6121,Value,20012003,2003,%,0.8,F,
GHA,2002-01-01,2004-12-31,81,Ghana,21034,Percent of arable land equipped for irrigation (percent) (3-year average),6121,Value,20022004,2004,%,0.8,F,
GHA,2003-01-01,2005-12-31,81,Ghana,21034,Percent of arable land equipped for irrigation (percent) (3-year average),6121,Value,20032005,2005,%,0.8,F,
GHA,2004-01-01,2006-12-31,81,Ghana,21034,Percent of arable land equipped for irrigation (percent) (3-year average),6121,Value,20042006,2006,%,0.8,F,
GHA,2005-01-01,2007-12-31,81,Ghana,21034,Percent of arable land equipped for irrigation (percent) (3-year average),6121,Value,20052007,2007,%,0.8,F,
GHA,2006-01-01,2008-12-31,81,Ghana,21034,Percent of arable land equipped for irrigation (percent) (3-year average),6121,Value,20062008,2008,%,0.8,F,
GHA,2007-01-01,2009-12-31,81,Ghana,21034,Percent of arable land equipped for irrigation (percent) (3-year average),6121,Value,20072009,2009,%,0.8,F,
GHA,2008-01-01,2010-12-31,81,Ghana,21034,Percent of arable land equipped for irrigation (percent) (3-year average),6121,Value,20082010,2010,%,0.7,F,
GHA,2009-01-01,2011-12-31,81,Ghana,21034,Percent of arable land equipped for irrigation (percent) (3-year average),6121,Value,20092011,2011,%,0.7,F,
GHA,2010-01-01,2012-12-31,81,Ghana,21034,Percent of arable land equipped for irrigation (percent) (3-year average),6121,Value,20102012,2012,%,0.7,F,
GHA,2011-01-01,2013-12-31,81,Ghana,21034,Percent of arable land equipped for irrigation (percent) (3-year average),6121,Value,20112013,2013,%,0.7,F,
GHA,2012-01-01,2014-12-31,81,Ghana,21034,Percent of arable land equipped for irrigation (percent) (3-year average),6121,Value,20122014,2014,%,0.7,F,
GHA,2013-01-01,2015-12-31,81,Ghana,21034,Percent of arable land equipped for irrigation (percent) (3-year average),6121,Value,20132015,2015,%,0.8,F,
GHA,2014-01-01,2016-12-31,81,Ghana,21034,Percent of arable land equipped for irrigation (percent) (3-year average),6121,Value,20142016,2016,%,0.8,F,
GHA,2015-01-01,2017-12-31,81,Ghana,21034,Percent of arable land equipped for irrigation (percent) (3-year average),6121,Value,20152017,2017,%,0.8,F,
GHA,2016-01-01,2018-12-31,81,Ghana,21034,Percent of arable land equipped for irrigation (percent) (3-year average),6121,Value,20162018,2018,%,0.8,F,
GHA,2000-01-01,2002-12-31,81,Ghana,21033,Value of food imports in total merchandise exports (percent) (3-year average),6121,Value,20002002,2002,%,20,F,
GHA,2001-01-01,2003-12-31,81,Ghana,21033,Value of food imports in total merchandise exports (percent) (3-year average),6121,Value,20012003,2003,%,21,F,
GHA,2002-01-01,2004-12-31,81,Ghana,21033,Value of food imports in total merchandise exports (percent) (3-year average),6121,Value,20022004,2004,%,27,F,
GHA,2003-01-01,2005-12-31,81,Ghana,21033,Value of food imports in total merchandise exports (percent) (3-year average),6121,Value,20032005,2005,%,32,F,
GHA,2004-01-01,2006-12-31,81,Ghana,21033,Value of food imports in total merchandise exports (percent) (3-year average),6121,Value,20042006,2006,%,33,F,
GHA,2005-01-01,2007-12-31,81,Ghana,21033,Value of food imports in total merchandise exports (percent) (3-year average),6121,Value,20052007,2007,%,27,F,
GHA,2006-01-01,2008-12-31,81,Ghana,21033,Value of food imports in total merchandise exports (percent) (3-year average),6121,Value,20062008,2008,%,24,F,
GHA,2007-01-01,2009-12-31,81,Ghana,21033,Value of food imports in total merchandise exports (percent) (3-year average),6121,Value,20072009,2009,%,21,F,
GHA,2008-01-01,2010-12-31,81,Ghana,21033,Value of food imports in total merchandise exports (percent) (3-year average),6121,Value,20082010,2010,%,18,F,
GHA,2009-01-01,2011-12-31,81,Ghana,21033,Value of food imports in total merchandise exports (percent) (3-year average),6121,Value,20092011,2011,%,15,F,
GHA,2010-01-01,2012-12-31,81,Ghana,21033,Value of food imports in total merchandise exports (percent) (3-year average),6121,Value,20102012,2012,%,13,F,
GHA,2011-01-01,2013-12-31,81,Ghana,21033,Value of food imports in total merchandise exports (percent) (3-year average),6121,Value,20112013,2013,%,13,F,
GHA,2012-01-01,2014-12-31,81,Ghana,21033,Value of food imports in total merchandise exports (percent) (3-year average),6121,Value,20122014,2014,%,13,F,
GHA,2013-01-01,2015-12-31,81,Ghana,21033,Value of food imports in total merchandise exports (percent) (3-year average),6121,Value,20132015,2015,%,16,F,
GHA,2014-01-01,2016-12-31,81,Ghana,21033,Value of food imports in total merchandise exports (percent) (3-year average),6121,Value,20142016,2016,%,16,F,
GHA,2015-01-01,2017-12-31,81,Ghana,21033,Value of food imports in total merchandise exports (percent) (3-year average),6121,Value,20152017,2017,%,15,F,
GHA,2016-01-01,2018-12-31,81,Ghana,21033,Value of food imports in total merchandise exports (percent) (3-year average),6121,Value,20162018,2018,%,13,F,
GHA,2017-01-01,2019-12-31,81,Ghana,21033,Value of food imports in total merchandise exports (percent) (3-year average),6121,Value,20172019,2019,%,12,F,
GHA,2000-01-01,2000-12-31,81,Ghana,21032,Political stability and absence of violence/terrorism (index),6125,Value,2000,2000,index,-0.36,X,
GHA,2002-01-01,2002-12-31,81,Ghana,21032,Political stability and absence of violence/terrorism (index),6125,Value,2002,2002,index,-0.16,X,
GHA,2003-01-01,2003-12-31,81,Ghana,21032,Political stability and absence of violence/terrorism (index),6125,Value,2003,2003,index,0.03,X,
GHA,2004-01-01,2004-12-31,81,Ghana,21032,Political stability and absence of violence/terrorism (index),6125,Value,2004,2004,index,0.04,X,
GHA,2005-01-01,2005-12-31,81,Ghana,21032,Political stability and absence of violence/terrorism (index),6125,Value,2005,2005,index,0.17,X,
GHA,2006-01-01,2006-12-31,81,Ghana,21032,Political stability and absence of violence/terrorism (index),6125,Value,2006,2006,index,0.01,X,
GHA,2007-01-01,2007-12-31,81,Ghana,21032,Political stability and absence of violence/terrorism (index),6125,Value,2007,2007,index,-0.07,X,
GHA,2008-01-01,2008-12-31,81,Ghana,21032,Political stability and absence of violence/terrorism (index),6125,Value,2008,2008,index,-0.03,X,
GHA,2009-01-01,2009-12-31,81,Ghana,21032,Political stability and absence of violence/terrorism (index),6125,Value,2009,2009,index,0.03,X,
GHA,2010-01-01,2010-12-31,81,Ghana,21032,Political stability and absence of violence/terrorism (index),6125,Value,2010,2010,index,0.03,X,
GHA,2011-01-01,2011-12-31,81,Ghana,21032,Political stability and absence of violence/terrorism (index),6125,Value,2011,2011,index,0.17,X,
GHA,2012-01-01,2012-12-31,81,Ghana,21032,Political stability and absence of violence/terrorism (index),6125,Value,2012,2012,index,0.13,X,
GHA,2013-01-01,2013-12-31,81,Ghana,21032,Political stability and absence of violence/terrorism (index),6125,Value,2013,2013,index,0.06,X,
GHA,2014-01-01,2014-12-31,81,Ghana,21032,Political stability and absence of violence/terrorism (index),6125,Value,2014,2014,index,-0.11,X,
GHA,2015-01-01,2015-12-31,81,Ghana,21032,Political stability and absence of violence/terrorism (index),6125,Value,2015,2015,index,-0.03,X,
GHA,2016-01-01,2016-12-31,81,Ghana,21032,Political stability and absence of violence/terrorism (index),6125,Value,2016,2016,index,-0.13,X,
GHA,2017-01-01,2017-12-31,81,Ghana,21032,Political stability and absence of violence/terrorism (index),6125,Value,2017,2017,index,0.09,X,
GHA,2018-01-01,2018-12-31,81,Ghana,21032,Political stability and absence of violence/terrorism (index),6125,Value,2018,2018,index,-0.02,X,
GHA,2019-01-01,2019-12-31,81,Ghana,21032,Political stability and absence of violence/terrorism (index),6125,Value,2019,2019,index,0.1,X,
GHA,2001-01-01,2001-12-31,81,Ghana,21030,Per capita food production variability (constant 2004-2006 thousand int$ per capita),6127,Value,2001,2001,1000 I$,5.8,F,
GHA,2002-01-01,2002-12-31,81,Ghana,21030,Per capita food production variability (constant 2004-2006 thousand int$ per capita),6127,Value,2002,2002,1000 I$,4.6,F,
GHA,2003-01-01,2003-12-31,81,Ghana,21030,Per capita food production variability (constant 2004-2006 thousand int$ per capita),6127,Value,2003,2003,1000 I$,4.8,F,
GHA,2004-01-01,2004-12-31,81,Ghana,21030,Per capita food production variability (constant 2004-2006 thousand int$ per capita),6127,Value,2004,2004,1000 I$,5.1,F,
GHA,2005-01-01,2005-12-31,81,Ghana,21030,Per capita food production variability (constant 2004-2006 thousand int$ per capita),6127,Value,2005,2005,1000 I$,4.8,F,
GHA,2006-01-01,2006-12-31,81,Ghana,21030,Per capita food production variability (constant 2004-2006 thousand int$ per capita),6127,Value,2006,2006,1000 I$,4.9,F,
GHA,2007-01-01,2007-12-31,81,Ghana,21030,Per capita food production variability (constant 2004-2006 thousand int$ per capita),6127,Value,2007,2007,1000 I$,5.3,F,
GHA,2008-01-01,2008-12-31,81,Ghana,21030,Per capita food production variability (constant 2004-2006 thousand int$ per capita),6127,Value,2008,2008,1000 I$,11,F,
GHA,2009-01-01,2009-12-31,81,Ghana,21030,Per capita food production variability (constant 2004-2006 thousand int$ per capita),6127,Value,2009,2009,1000 I$,9.6,F,
GHA,2010-01-01,2010-12-31,81,Ghana,21030,Per capita food production variability (constant 2004-2006 thousand int$ per capita),6127,Value,2010,2010,1000 I$,11,F,
GHA,2011-01-01,2011-12-31,81,Ghana,21030,Per capita food production variability (constant 2004-2006 thousand int$ per capita),6127,Value,2011,2011,1000 I$,11.7,F,
GHA,2012-01-01,2012-12-31,81,Ghana,21030,Per capita food production variability (constant 2004-2006 thousand int$ per capita),6127,Value,2012,2012,1000 I$,12.1,F,
GHA,2013-01-01,2013-12-31,81,Ghana,21030,Per capita food production variability (constant 2004-2006 thousand int$ per capita),6127,Value,2013,2013,1000 I$,5,F,
GHA,2014-01-01,2014-12-31,81,Ghana,21030,Per capita food production variability (constant 2004-2006 thousand int$ per capita),6127,Value,2014,2014,1000 I$,2,F,
GHA,2015-01-01,2015-12-31,81,Ghana,21030,Per capita food production variability (constant 2004-2006 thousand int$ per capita),6127,Value,2015,2015,1000 I$,1.9,F,
GHA,2016-01-01,2016-12-31,81,Ghana,21030,Per capita food production variability (constant 2004-2006 thousand int$ per capita),6127,Value,2016,2016,1000 I$,3.8,F,
GHA,2017-01-01,2017-12-31,81,Ghana,21030,Per capita food production variability (constant 2004-2006 thousand int$ per capita),6127,Value,2017,2017,1000 I$,6.6,F,
GHA,2000-01-01,2000-12-31,81,Ghana,21031,Per capita food supply variability (kcal/cap/day),6128,Value,2000,2000,kcal/capita/day,45,F,
GHA,2001-01-01,2001-12-31,81,Ghana,21031,Per capita food supply variability (kcal/cap/day),6128,Value,2001,2001,kcal/capita/day,35,F,
GHA,2002-01-01,2002-12-31,81,Ghana,21031,Per capita food supply variability (kcal/cap/day),6128,Value,2002,2002,kcal/capita/day,20,F,
GHA,2003-01-01,2003-12-31,81,Ghana,21031,Per capita food supply variability (kcal/cap/day),6128,Value,2003,2003,kcal/capita/day,20,F,
GHA,2004-01-01,2004-12-31,81,Ghana,21031,Per capita food supply variability (kcal/cap/day),6128,Value,2004,2004,kcal/capita/day,19,F,
GHA,2005-01-01,2005-12-31,81,Ghana,21031,Per capita food supply variability (kcal/cap/day),6128,Value,2005,2005,kcal/capita/day,23,F,
GHA,2006-01-01,2006-12-31,81,Ghana,21031,Per capita food supply variability (kcal/cap/day),6128,Value,2006,2006,kcal/capita/day,21,F,
GHA,2007-01-01,2007-12-31,81,Ghana,21031,Per capita food supply variability (kcal/cap/day),6128,Value,2007,2007,kcal/capita/day,25,F,
GHA,2008-01-01,2008-12-31,81,Ghana,21031,Per capita food supply variability (kcal/cap/day),6128,Value,2008,2008,kcal/capita/day,24,F,
GHA,2009-01-01,2009-12-31,81,Ghana,21031,Per capita food supply variability (kcal/cap/day),6128,Value,2009,2009,kcal/capita/day,46,F,
GHA,2010-01-01,2010-12-31,81,Ghana,21031,Per capita food supply variability (kcal/cap/day),6128,Value,2010,2010,kcal/capita/day,62,F,
GHA,2011-01-01,2011-12-31,81,Ghana,21031,Per capita food supply variability (kcal/cap/day),6128,Value,2011,2011,kcal/capita/day,69,F,
GHA,2012-01-01,2012-12-31,81,Ghana,21031,Per capita food supply variability (kcal/cap/day),6128,Value,2012,2012,kcal/capita/day,68,F,
GHA,2013-01-01,2013-12-31,81,Ghana,21031,Per capita food supply variability (kcal/cap/day),6128,Value,2013,2013,kcal/capita/day,47,F,
GHA,2014-01-01,2014-12-31,81,Ghana,21031,Per capita food supply variability (kcal/cap/day),6128,Value,2014,2014,kcal/capita/day,63,F,
GHA,2015-01-01,2015-12-31,81,Ghana,21031,Per capita food supply variability (kcal/cap/day),6128,Value,2015,2015,kcal/capita/day,55,F,
GHA,2016-01-01,2016-12-31,81,Ghana,21031,Per capita food supply variability (kcal/cap/day),6128,Value,2016,2016,kcal/capita/day,38,F,
GHA,2017-01-01,2017-12-31,81,Ghana,21031,Per capita food supply variability (kcal/cap/day),6128,Value,2017,2017,kcal/capita/day,50,F,
GHA,2018-01-01,2018-12-31,81,Ghana,21031,Per capita food supply variability (kcal/cap/day),6128,Value,2018,2018,kcal/capita/day,43,F,
GHA,2019-01-01,2019-12-31,81,Ghana,21031,Per capita food supply variability (kcal/cap/day),6128,Value,2019,2019,kcal/capita/day,54,F,
GHA,2000-01-01,2000-12-31,81,Ghana,21045,Percentage of population using safely managed drinking water services (Percent),6121,Value,2000,2000,%,13.3,X,
GHA,2001-01-01,2001-12-31,81,Ghana,21045,Percentage of population using safely managed drinking water services (Percent),6121,Value,2001,2001,%,13.6,X,
GHA,2002-01-01,2002-12-31,81,Ghana,21045,Percentage of population using safely managed drinking water services (Percent),6121,Value,2002,2002,%,14.5,X,
GHA,2003-01-01,2003-12-31,81,Ghana,21045,Percentage of population using safely managed drinking water services (Percent),6121,Value,2003,2003,%,15.8,X,
GHA,2004-01-01,2004-12-31,81,Ghana,21045,Percentage of population using safely managed drinking water services (Percent),6121,Value,2004,2004,%,17.1,X,
GHA,2005-01-01,2005-12-31,81,Ghana,21045,Percentage of population using safely managed drinking water services (Percent),6121,Value,2005,2005,%,18.4,X,
GHA,2006-01-01,2006-12-31,81,Ghana,21045,Percentage of population using safely managed drinking water services (Percent),6121,Value,2006,2006,%,19.7,X,
GHA,2007-01-01,2007-12-31,81,Ghana,21045,Percentage of population using safely managed drinking water services (Percent),6121,Value,2007,2007,%,21.1,X,
GHA,2008-01-01,2008-12-31,81,Ghana,21045,Percentage of population using safely managed drinking water services (Percent),6121,Value,2008,2008,%,22.5,X,
GHA,2009-01-01,2009-12-31,81,Ghana,21045,Percentage of population using safely managed drinking water services (Percent),6121,Value,2009,2009,%,23.9,X,
GHA,2010-01-01,2010-12-31,81,Ghana,21045,Percentage of population using safely managed drinking water services (Percent),6121,Value,2010,2010,%,25.4,X,
GHA,2011-01-01,2011-12-31,81,Ghana,21045,Percentage of population using safely managed drinking water services (Percent),6121,Value,2011,2011,%,26.9,X,
GHA,2012-01-01,2012-12-31,81,Ghana,21045,Percentage of population using safely managed drinking water services (Percent),6121,Value,2012,2012,%,28.4,X,
GHA,2013-01-01,2013-12-31,81,Ghana,21045,Percentage of population using safely managed drinking water services (Percent),6121,Value,2013,2013,%,29.9,X,
GHA,2014-01-01,2014-12-31,81,Ghana,21045,Percentage of population using safely managed drinking water services (Percent),6121,Value,2014,2014,%,31.5,X,
GHA,2015-01-01,2015-12-31,81,Ghana,21045,Percentage of population using safely managed drinking water services (Percent),6121,Value,2015,2015,%,33.1,X,
GHA,2016-01-01,2016-12-31,81,Ghana,21045,Percentage of population using safely managed drinking water services (Percent),6121,Value,2016,2016,%,34.7,X,
GHA,2017-01-01,2017-12-31,81,Ghana,21045,Percentage of population using safely managed drinking water services (Percent),6121,Value,2017,2017,%,36.3,X,
GHA,2018-01-01,2018-12-31,81,Ghana,21045,Percentage of population using safely managed drinking water services (Percent),6121,Value,2018,2018,%,38,X,
GHA,2019-01-01,2019-12-31,81,Ghana,21045,Percentage of population using safely managed drinking water services (Percent),6121,Value,2019,2019,%,39.7,X,
GHA,2020-01-01,2020-12-31,81,Ghana,21045,Percentage of population using safely managed drinking water services (Percent),6121,Value,2020,2020,%,41.4,X,
GHA,2000-01-01,2000-12-31,81,Ghana,21047,Percentage of population using at least basic drinking water services (percent),6121,Value,2000,2000,%,63.8,X,
GHA,2001-01-01,2001-12-31,81,Ghana,21047,Percentage of population using at least basic drinking water services (percent),6121,Value,2001,2001,%,64.7,X,
GHA,2002-01-01,2002-12-31,81,Ghana,21047,Percentage of population using at least basic drinking water services (percent),6121,Value,2002,2002,%,65.8,X,
GHA,2003-01-01,2003-12-31,81,Ghana,21047,Percentage of population using at least basic drinking water services (percent),6121,Value,2003,2003,%,66.9,X,
GHA,2004-01-01,2004-12-31,81,Ghana,21047,Percentage of population using at least basic drinking water services (percent),6121,Value,2004,2004,%,68,X,
GHA,2005-01-01,2005-12-31,81,Ghana,21047,Percentage of population using at least basic drinking water services (percent),6121,Value,2005,2005,%,69.1,X,
GHA,2006-01-01,2006-12-31,81,Ghana,21047,Percentage of population using at least basic drinking water services (percent),6121,Value,2006,2006,%,70.2,X,
GHA,2007-01-01,2007-12-31,81,Ghana,21047,Percentage of population using at least basic drinking water services (percent),6121,Value,2007,2007,%,71.3,X,
GHA,2008-01-01,2008-12-31,81,Ghana,21047,Percentage of population using at least basic drinking water services (percent),6121,Value,2008,2008,%,72.4,X,
GHA,2009-01-01,2009-12-31,81,Ghana,21047,Percentage of population using at least basic drinking water services (percent),6121,Value,2009,2009,%,73.5,X,
GHA,2010-01-01,2010-12-31,81,Ghana,21047,Percentage of population using at least basic drinking water services (percent),6121,Value,2010,2010,%,74.6,X,
GHA,2011-01-01,2011-12-31,81,Ghana,21047,Percentage of population using at least basic drinking water services (percent),6121,Value,2011,2011,%,75.7,X,
GHA,2012-01-01,2012-12-31,81,Ghana,21047,Percentage of population using at least basic drinking water services (percent),6121,Value,2012,2012,%,76.8,X,
GHA,2013-01-01,2013-12-31,81,Ghana,21047,Percentage of population using at least basic drinking water services (percent),6121,Value,2013,2013,%,77.9,X,
GHA,2014-01-01,2014-12-31,81,Ghana,21047,Percentage of population using at least basic drinking water services (percent),6121,Value,2014,2014,%,79,X,
GHA,2015-01-01,2015-12-31,81,Ghana,21047,Percentage of population using at least basic drinking water services (percent),6121,Value,2015,2015,%,80.2,X,
GHA,2016-01-01,2016-12-31,81,Ghana,21047,Percentage of population using at least basic drinking water services (percent),6121,Value,2016,2016,%,81.3,X,
GHA,2017-01-01,2017-12-31,81,Ghana,21047,Percentage of population using at least basic drinking water services (percent),6121,Value,2017,2017,%,82.4,X,
GHA,2018-01-01,2018-12-31,81,Ghana,21047,Percentage of population using at least basic drinking water services (percent),6121,Value,2018,2018,%,83.5,X,
GHA,2019-01-01,2019-12-31,81,Ghana,21047,Percentage of population using at least basic drinking water services (percent),6121,Value,2019,2019,%,84.7,X,
GHA,2020-01-01,2020-12-31,81,Ghana,21047,Percentage of population using at least basic drinking water services (percent),6121,Value,2020,2020,%,85.8,X,
GHA,2000-01-01,2000-12-31,81,Ghana,21046,Percentage of population using safely managed sanitation services (Percent),6121,Value,2000,2000,%,4.4,X,
GHA,2001-01-01,2001-12-31,81,Ghana,21046,Percentage of population using safely managed sanitation services (Percent),6121,Value,2001,2001,%,4.4,X,
GHA,2002-01-01,2002-12-31,81,Ghana,21046,Percentage of population using safely managed sanitation services (Percent),6121,Value,2002,2002,%,4.9,X,
GHA,2003-01-01,2003-12-31,81,Ghana,21046,Percentage of population using safely managed sanitation services (Percent),6121,Value,2003,2003,%,5.3,X,
GHA,2004-01-01,2004-12-31,81,Ghana,21046,Percentage of population using safely managed sanitation services (Percent),6121,Value,2004,2004,%,5.8,X,
GHA,2005-01-01,2005-12-31,81,Ghana,21046,Percentage of population using safely managed sanitation services (Percent),6121,Value,2005,2005,%,6.3,X,
GHA,2006-01-01,2006-12-31,81,Ghana,21046,Percentage of population using safely managed sanitation services (Percent),6121,Value,2006,2006,%,6.7,X,
GHA,2007-01-01,2007-12-31,81,Ghana,21046,Percentage of population using safely managed sanitation services (Percent),6121,Value,2007,2007,%,7.2,X,
GHA,2008-01-01,2008-12-31,81,Ghana,21046,Percentage of population using safely managed sanitation services (Percent),6121,Value,2008,2008,%,7.7,X,
GHA,2009-01-01,2009-12-31,81,Ghana,21046,Percentage of population using safely managed sanitation services (Percent),6121,Value,2009,2009,%,8.2,X,
GHA,2010-01-01,2010-12-31,81,Ghana,21046,Percentage of population using safely managed sanitation services (Percent),6121,Value,2010,2010,%,8.6,X,
GHA,2011-01-01,2011-12-31,81,Ghana,21046,Percentage of population using safely managed sanitation services (Percent),6121,Value,2011,2011,%,9.1,X,
GHA,2012-01-01,2012-12-31,81,Ghana,21046,Percentage of population using safely managed sanitation services (Percent),6121,Value,2012,2012,%,9.6,X,
GHA,2013-01-01,2013-12-31,81,Ghana,21046,Percentage of population using safely managed sanitation services (Percent),6121,Value,2013,2013,%,10.1,X,
GHA,2014-01-01,2014-12-31,81,Ghana,21046,Percentage of population using safely managed sanitation services (Percent),6121,Value,2014,2014,%,10.5,X,
GHA,2015-01-01,2015-12-31,81,Ghana,21046,Percentage of population using safely managed sanitation services (Percent),6121,Value,2015,2015,%,11,X,
GHA,2016-01-01,2016-12-31,81,Ghana,21046,Percentage of population using safely managed sanitation services (Percent),6121,Value,2016,2016,%,11.5,X,
GHA,2017-01-01,2017-12-31,81,Ghana,21046,Percentage of population using safely managed sanitation services (Percent),6121,Value,2017,2017,%,11.9,X,
GHA,2018-01-01,2018-12-31,81,Ghana,21046,Percentage of population using safely managed sanitation services (Percent),6121,Value,2018,2018,%,12.4,X,
GHA,2019-01-01,2019-12-31,81,Ghana,21046,Percentage of population using safely managed sanitation services (Percent),6121,Value,2019,2019,%,12.9,X,
GHA,2020-01-01,2020-12-31,81,Ghana,21046,Percentage of population using safely managed sanitation services (Percent),6121,Value,2020,2020,%,13.3,X,
GHA,2000-01-01,2000-12-31,81,Ghana,21048,Percentage of population using at least basic sanitation services (percent),6121,Value,2000,2000,%,7.4,X,
GHA,2001-01-01,2001-12-31,81,Ghana,21048,Percentage of population using at least basic sanitation services (percent),6121,Value,2001,2001,%,7.5,X,
GHA,2002-01-01,2002-12-31,81,Ghana,21048,Percentage of population using at least basic sanitation services (percent),6121,Value,2002,2002,%,8.3,X,
GHA,2003-01-01,2003-12-31,81,Ghana,21048,Percentage of population using at least basic sanitation services (percent),6121,Value,2003,2003,%,9,X,
GHA,2004-01-01,2004-12-31,81,Ghana,21048,Percentage of population using at least basic sanitation services (percent),6121,Value,2004,2004,%,9.8,X,
GHA,2005-01-01,2005-12-31,81,Ghana,21048,Percentage of population using at least basic sanitation services (percent),6121,Value,2005,2005,%,10.6,X,
GHA,2006-01-01,2006-12-31,81,Ghana,21048,Percentage of population using at least basic sanitation services (percent),6121,Value,2006,2006,%,11.4,X,
GHA,2007-01-01,2007-12-31,81,Ghana,21048,Percentage of population using at least basic sanitation services (percent),6121,Value,2007,2007,%,12.2,X,
GHA,2008-01-01,2008-12-31,81,Ghana,21048,Percentage of population using at least basic sanitation services (percent),6121,Value,2008,2008,%,13,X,
GHA,2009-01-01,2009-12-31,81,Ghana,21048,Percentage of population using at least basic sanitation services (percent),6121,Value,2009,2009,%,13.8,X,
GHA,2010-01-01,2010-12-31,81,Ghana,21048,Percentage of population using at least basic sanitation services (percent),6121,Value,2010,2010,%,14.7,X,
GHA,2011-01-01,2011-12-31,81,Ghana,21048,Percentage of population using at least basic sanitation services (percent),6121,Value,2011,2011,%,15.5,X,
GHA,2012-01-01,2012-12-31,81,Ghana,21048,Percentage of population using at least basic sanitation services (percent),6121,Value,2012,2012,%,16.4,X,
GHA,2013-01-01,2013-12-31,81,Ghana,21048,Percentage of population using at least basic sanitation services (percent),6121,Value,2013,2013,%,17.3,X,
GHA,2014-01-01,2014-12-31,81,Ghana,21048,Percentage of population using at least basic sanitation services (percent),6121,Value,2014,2014,%,18.2,X,
GHA,2015-01-01,2015-12-31,81,Ghana,21048,Percentage of population using at least basic sanitation services (percent),6121,Value,2015,2015,%,19.1,X,
GHA,2016-01-01,2016-12-31,81,Ghana,21048,Percentage of population using at least basic sanitation services (percent),6121,Value,2016,2016,%,20,X,
GHA,2017-01-01,2017-12-31,81,Ghana,21048,Percentage of population using at least basic sanitation services (percent),6121,Value,2017,2017,%,20.9,X,
GHA,2018-01-01,2018-12-31,81,Ghana,21048,Percentage of population using at least basic sanitation services (percent),6121,Value,2018,2018,%,21.8,X,
GHA,2019-01-01,2019-12-31,81,Ghana,21048,Percentage of population using at least basic sanitation services (percent),6121,Value,2019,2019,%,22.8,X,
GHA,2020-01-01,2020-12-31,81,Ghana,21048,Percentage of population using at least basic sanitation services (percent),6121,Value,2020,2020,%,23.7,X,
GHA,2003-01-01,2003-12-31,81,Ghana,21026,Percentage of children under 5 years affected by wasting (percent),6121,Value,2003,2003,%,8.4,X,
GHA,2006-01-01,2006-12-31,81,Ghana,21026,Percentage of children under 5 years affected by wasting (percent),6121,Value,2006,2006,%,6,X,
GHA,2008-01-01,2008-12-31,81,Ghana,21026,Percentage of children under 5 years affected by wasting (percent),6121,Value,2008,2008,%,8.7,X,
GHA,2011-01-01,2011-12-31,81,Ghana,21026,Percentage of children under 5 years affected by wasting (percent),6121,Value,2011,2011,%,6.2,X,
GHA,2014-01-01,2014-12-31,81,Ghana,21026,Percentage of children under 5 years affected by wasting (percent),6121,Value,2014,2014,%,4.7,X,
GHA,2017-01-01,2017-12-31,81,Ghana,21026,Percentage of children under 5 years affected by wasting (percent),6121,Value,2017,2017,%,6.8,X,
GHA,2000-01-01,2000-12-31,81,Ghana,21025,Percentage of children under 5 years of age who are stunted (modelled estimates) (percent),6121,Value,2000,2000,%,33.3,X,
GHA,2001-01-01,2001-12-31,81,Ghana,21025,Percentage of children under 5 years of age who are stunted (modelled estimates) (percent),6121,Value,2001,2001,%,32.7,X,
GHA,2002-01-01,2002-12-31,81,Ghana,21025,Percentage of children under 5 years of age who are stunted (modelled estimates) (percent),6121,Value,2002,2002,%,32.1,X,
GHA,2003-01-01,2003-12-31,81,Ghana,21025,Percentage of children under 5 years of age who are stunted (modelled estimates) (percent),6121,Value,2003,2003,%,31.5,X,
GHA,2004-01-01,2004-12-31,81,Ghana,21025,Percentage of children under 5 years of age who are stunted (modelled estimates) (percent),6121,Value,2004,2004,%,30.8,X,
GHA,2005-01-01,2005-12-31,81,Ghana,21025,Percentage of children under 5 years of age who are stunted (modelled estimates) (percent),6121,Value,2005,2005,%,30,X,
GHA,2006-01-01,2006-12-31,81,Ghana,21025,Percentage of children under 5 years of age who are stunted (modelled estimates) (percent),6121,Value,2006,2006,%,29.2,X,
GHA,2007-01-01,2007-12-31,81,Ghana,21025,Percentage of children under 5 years of age who are stunted (modelled estimates) (percent),6121,Value,2007,2007,%,28.2,X,
GHA,2008-01-01,2008-12-31,81,Ghana,21025,Percentage of children under 5 years of age who are stunted (modelled estimates) (percent),6121,Value,2008,2008,%,27.1,X,
GHA,2009-01-01,2009-12-31,81,Ghana,21025,Percentage of children under 5 years of age who are stunted (modelled estimates) (percent),6121,Value,2009,2009,%,26,X,
GHA,2010-01-01,2010-12-31,81,Ghana,21025,Percentage of children under 5 years of age who are stunted (modelled estimates) (percent),6121,Value,2010,2010,%,24.8,X,
GHA,2011-01-01,2011-12-31,81,Ghana,21025,Percentage of children under 5 years of age who are stunted (modelled estimates) (percent),6121,Value,2011,2011,%,23.5,X,
GHA,2012-01-01,2012-12-31,81,Ghana,21025,Percentage of children under 5 years of age who are stunted (modelled estimates) (percent),6121,Value,2012,2012,%,22.2,X,
GHA,2013-01-01,2013-12-31,81,Ghana,21025,Percentage of children under 5 years of age who are stunted (modelled estimates) (percent),6121,Value,2013,2013,%,21,X,
GHA,2014-01-01,2014-12-31,81,Ghana,21025,Percentage of children under 5 years of age who are stunted (modelled estimates) (percent),6121,Value,2014,2014,%,19.8,X,
GHA,2015-01-01,2015-12-31,81,Ghana,21025,Percentage of children under 5 years of age who are stunted (modelled estimates) (percent),6121,Value,2015,2015,%,18.9,X,
GHA,2016-01-01,2016-12-31,81,Ghana,21025,Percentage of children under 5 years of age who are stunted (modelled estimates) (percent),6121,Value,2016,2016,%,17.9,X,
GHA,2017-01-01,2017-12-31,81,Ghana,21025,Percentage of children under 5 years of age who are stunted (modelled estimates) (percent),6121,Value,2017,2017,%,17,X,
GHA,2018-01-01,2018-12-31,81,Ghana,21025,Percentage of children under 5 years of age who are stunted (modelled estimates) (percent),6121,Value,2018,2018,%,16.1,X,
GHA,2019-01-01,2019-12-31,81,Ghana,21025,Percentage of children under 5 years of age who are stunted (modelled estimates) (percent),6121,Value,2019,2019,%,15.1,X,
GHA,2020-01-01,2020-12-31,81,Ghana,21025,Percentage of children under 5 years of age who are stunted (modelled estimates) (percent),6121,Value,2020,2020,%,14.2,X,
GHA,2000-01-01,2000-12-31,81,Ghana,21041,Percentage of children under 5 years of age who are overweight (modelled estimates) (percent),6121,Value,2000,2000,%,3.5,X,
GHA,2001-01-01,2001-12-31,81,Ghana,21041,Percentage of children under 5 years of age who are overweight (modelled estimates) (percent),6121,Value,2001,2001,%,3.7,X,
GHA,2002-01-01,2002-12-31,81,Ghana,21041,Percentage of children under 5 years of age who are overweight (modelled estimates) (percent),6121,Value,2002,2002,%,3.9,X,
GHA,2003-01-01,2003-12-31,81,Ghana,21041,Percentage of children under 5 years of age who are overweight (modelled estimates) (percent),6121,Value,2003,2003,%,3.9,X,
GHA,2004-01-01,2004-12-31,81,Ghana,21041,Percentage of children under 5 years of age who are overweight (modelled estimates) (percent),6121,Value,2004,2004,%,3.9,X,
GHA,2005-01-01,2005-12-31,81,Ghana,21041,Percentage of children under 5 years of age who are overweight (modelled estimates) (percent),6121,Value,2005,2005,%,3.7,X,
GHA,2006-01-01,2006-12-31,81,Ghana,21041,Percentage of children under 5 years of age who are overweight (modelled estimates) (percent),6121,Value,2006,2006,%,3.3,X,
GHA,2007-01-01,2007-12-31,81,Ghana,21041,Percentage of children under 5 years of age who are overweight (modelled estimates) (percent),6121,Value,2007,2007,%,3,X,
GHA,2008-01-01,2008-12-31,81,Ghana,21041,Percentage of children under 5 years of age who are overweight (modelled estimates) (percent),6121,Value,2008,2008,%,2.7,X,
GHA,2009-01-01,2009-12-31,81,Ghana,21041,Percentage of children under 5 years of age who are overweight (modelled estimates) (percent),6121,Value,2009,2009,%,2.5,X,
GHA,2010-01-01,2010-12-31,81,Ghana,21041,Percentage of children under 5 years of age who are overweight (modelled estimates) (percent),6121,Value,2010,2010,%,2.4,X,
GHA,2011-01-01,2011-12-31,81,Ghana,21041,Percentage of children under 5 years of age who are overweight (modelled estimates) (percent),6121,Value,2011,2011,%,2.3,X,
GHA,2012-01-01,2012-12-31,81,Ghana,21041,Percentage of children under 5 years of age who are overweight (modelled estimates) (percent),6121,Value,2012,2012,%,2.2,X,
GHA,2013-01-01,2013-12-31,81,Ghana,21041,Percentage of children under 5 years of age who are overweight (modelled estimates) (percent),6121,Value,2013,2013,%,2.2,X,
GHA,2014-01-01,2014-12-31,81,Ghana,21041,Percentage of children under 5 years of age who are overweight (modelled estimates) (percent),6121,Value,2014,2014,%,2.3,X,
GHA,2015-01-01,2015-12-31,81,Ghana,21041,Percentage of children under 5 years of age who are overweight (modelled estimates) (percent),6121,Value,2015,2015,%,2.3,X,
GHA,2016-01-01,2016-12-31,81,Ghana,21041,Percentage of children under 5 years of age who are overweight (modelled estimates) (percent),6121,Value,2016,2016,%,2.4,X,
GHA,2017-01-01,2017-12-31,81,Ghana,21041,Percentage of children under 5 years of age who are overweight (modelled estimates) (percent),6121,Value,2017,2017,%,2.5,X,
GHA,2018-01-01,2018-12-31,81,Ghana,21041,Percentage of children under 5 years of age who are overweight (modelled estimates) (percent),6121,Value,2018,2018,%,2.6,X,
GHA,2019-01-01,2019-12-31,81,Ghana,21041,Percentage of children under 5 years of age who are overweight (modelled estimates) (percent),6121,Value,2019,2019,%,2.7,X,
GHA,2020-01-01,2020-12-31,81,Ghana,21041,Percentage of children under 5 years of age who are overweight (modelled estimates) (percent),6121,Value,2020,2020,%,2.9,X,
GHA,2000-01-01,2000-12-31,81,Ghana,21042,Prevalence of obesity in the adult population (18 years and older),6121,Value,2000,2000,%,5.5,X,
GHA,2001-01-01,2001-12-31,81,Ghana,21042,Prevalence of obesity in the adult population (18 years and older),6121,Value,2001,2001,%,5.8,X,
GHA,2002-01-01,2002-12-31,81,Ghana,21042,Prevalence of obesity in the adult population (18 years and older),6121,Value,2002,2002,%,6.1,X,
GHA,2003-01-01,2003-12-31,81,Ghana,21042,Prevalence of obesity in the adult population (18 years and older),6121,Value,2003,2003,%,6.4,X,
GHA,2004-01-01,2004-12-31,81,Ghana,21042,Prevalence of obesity in the adult population (18 years and older),6121,Value,2004,2004,%,6.7,X,
GHA,2005-01-01,2005-12-31,81,Ghana,21042,Prevalence of obesity in the adult population (18 years and older),6121,Value,2005,2005,%,7,X,
GHA,2006-01-01,2006-12-31,81,Ghana,21042,Prevalence of obesity in the adult population (18 years and older),6121,Value,2006,2006,%,7.4,X,
GHA,2007-01-01,2007-12-31,81,Ghana,21042,Prevalence of obesity in the adult population (18 years and older),6121,Value,2007,2007,%,7.7,X,
GHA,2008-01-01,2008-12-31,81,Ghana,21042,Prevalence of obesity in the adult population (18 years and older),6121,Value,2008,2008,%,8,X,
GHA,2009-01-01,2009-12-31,81,Ghana,21042,Prevalence of obesity in the adult population (18 years and older),6121,Value,2009,2009,%,8.4,X,
GHA,2010-01-01,2010-12-31,81,Ghana,21042,Prevalence of obesity in the adult population (18 years and older),6121,Value,2010,2010,%,8.7,X,
GHA,2011-01-01,2011-12-31,81,Ghana,21042,Prevalence of obesity in the adult population (18 years and older),6121,Value,2011,2011,%,9.1,X,
GHA,2012-01-01,2012-12-31,81,Ghana,21042,Prevalence of obesity in the adult population (18 years and older),6121,Value,2012,2012,%,9.4,X,
GHA,2013-01-01,2013-12-31,81,Ghana,21042,Prevalence of obesity in the adult population (18 years and older),6121,Value,2013,2013,%,9.8,X,
GHA,2014-01-01,2014-12-31,81,Ghana,21042,Prevalence of obesity in the adult population (18 years and older),6121,Value,2014,2014,%,10.1,X,
GHA,2015-01-01,2015-12-31,81,Ghana,21042,Prevalence of obesity in the adult population (18 years and older),6121,Value,2015,2015,%,10.5,X,
GHA,2016-01-01,2016-12-31,81,Ghana,21042,Prevalence of obesity in the adult population (18 years and older),6121,Value,2016,2016,%,10.9,X,
GHA,2000-01-01,2000-12-31,81,Ghana,21043,Prevalence of anemia among women of reproductive age (15-49 years),6121,Value,2000,2000,%,49,X,
GHA,2001-01-01,2001-12-31,81,Ghana,21043,Prevalence of anemia among women of reproductive age (15-49 years),6121,Value,2001,2001,%,49.1,X,
GHA,2002-01-01,2002-12-31,81,Ghana,21043,Prevalence of anemia among women of reproductive age (15-49 years),6121,Value,2002,2002,%,49.2,X,
GHA,2003-01-01,2003-12-31,81,Ghana,21043,Prevalence of anemia among women of reproductive age (15-49 years),6121,Value,2003,2003,%,49.4,X,
GHA,2004-01-01,2004-12-31,81,Ghana,21043,Prevalence of anemia among women of reproductive age (15-49 years),6121,Value,2004,2004,%,49.5,X,
GHA,2005-01-01,2005-12-31,81,Ghana,21043,Prevalence of anemia among women of reproductive age (15-49 years),6121,Value,2005,2005,%,49.3,X,
GHA,2006-01-01,2006-12-31,81,Ghana,21043,Prevalence of anemia among women of reproductive age (15-49 years),6121,Value,2006,2006,%,49.1,X,
GHA,2007-01-01,2007-12-31,81,Ghana,21043,Prevalence of anemia among women of reproductive age (15-49 years),6121,Value,2007,2007,%,48.7,X,
GHA,2008-01-01,2008-12-31,81,Ghana,21043,Prevalence of anemia among women of reproductive age (15-49 years),6121,Value,2008,2008,%,48.1,X,
GHA,2009-01-01,2009-12-31,81,Ghana,21043,Prevalence of anemia among women of reproductive age (15-49 years),6121,Value,2009,2009,%,47.3,X,
GHA,2010-01-01,2010-12-31,81,Ghana,21043,Prevalence of anemia among women of reproductive age (15-49 years),6121,Value,2010,2010,%,46.3,X,
GHA,2011-01-01,2011-12-31,81,Ghana,21043,Prevalence of anemia among women of reproductive age (15-49 years),6121,Value,2011,2011,%,45.2,X,
GHA,2012-01-01,2012-12-31,81,Ghana,21043,Prevalence of anemia among women of reproductive age (15-49 years),6121,Value,2012,2012,%,44.2,X,
GHA,2013-01-01,2013-12-31,81,Ghana,21043,Prevalence of anemia among women of reproductive age (15-49 years),6121,Value,2013,2013,%,43.1,X,
GHA,2014-01-01,2014-12-31,81,Ghana,21043,Prevalence of anemia among women of reproductive age (15-49 years),6121,Value,2014,2014,%,41.9,X,
GHA,2015-01-01,2015-12-31,81,Ghana,21043,Prevalence of anemia among women of reproductive age (15-49 years),6121,Value,2015,2015,%,40.7,X,
GHA,2016-01-01,2016-12-31,81,Ghana,21043,Prevalence of anemia among women of reproductive age (15-49 years),6121,Value,2016,2016,%,39.2,X,
GHA,2017-01-01,2017-12-31,81,Ghana,21043,Prevalence of anemia among women of reproductive age (15-49 years),6121,Value,2017,2017,%,37.8,X,
GHA,2018-01-01,2018-12-31,81,Ghana,21043,Prevalence of anemia among women of reproductive age (15-49 years),6121,Value,2018,2018,%,36.6,X,
GHA,2019-01-01,2019-12-31,81,Ghana,21043,Prevalence of anemia among women of reproductive age (15-49 years),6121,Value,2019,2019,%,35.4,X,
GHA,2003-01-01,2003-12-31,81,Ghana,21044,Prevalence of exclusive breastfeeding among infants 0-5 months of age,6121,Value,2003,2003,%,53,X,
GHA,2006-01-01,2006-12-31,81,Ghana,21044,Prevalence of exclusive breastfeeding among infants 0-5 months of age,6121,Value,2006,2006,%,54.9,X,
GHA,2008-01-01,2008-12-31,81,Ghana,21044,Prevalence of exclusive breastfeeding among infants 0-5 months of age,6121,Value,2008,2008,%,62.1,X,
GHA,2011-01-01,2011-12-31,81,Ghana,21044,Prevalence of exclusive breastfeeding among infants 0-5 months of age,6121,Value,2011,2011,%,45.7,X,
GHA,2014-01-01,2014-12-31,81,Ghana,21044,Prevalence of exclusive breastfeeding among infants 0-5 months of age,6121,Value,2014,2014,%,52.1,X,
GHA,2018-01-01,2018-12-31,81,Ghana,21044,Prevalence of exclusive breastfeeding among infants 0-5 months of age,6121,Value,2018,2018,%,42.9,X,
GHA,2000-01-01,2000-12-31,81,Ghana,21049,Prevalence of low birthweight (percent),6121,Value,2000,2000,%,16.1,X,
GHA,2001-01-01,2001-12-31,81,Ghana,21049,Prevalence of low birthweight (percent),6121,Value,2001,2001,%,15.9,X,
GHA,2002-01-01,2002-12-31,81,Ghana,21049,Prevalence of low birthweight (percent),6121,Value,2002,2002,%,15.7,X,
GHA,2003-01-01,2003-12-31,81,Ghana,21049,Prevalence of low birthweight (percent),6121,Value,2003,2003,%,15.6,X,
GHA,2004-01-01,2004-12-31,81,Ghana,21049,Prevalence of low birthweight (percent),6121,Value,2004,2004,%,15.4,X,
GHA,2005-01-01,2005-12-31,81,Ghana,21049,Prevalence of low birthweight (percent),6121,Value,2005,2005,%,15.3,X,
GHA,2006-01-01,2006-12-31,81,Ghana,21049,Prevalence of low birthweight (percent),6121,Value,2006,2006,%,15.2,X,
GHA,2007-01-01,2007-12-31,81,Ghana,21049,Prevalence of low birthweight (percent),6121,Value,2007,2007,%,15.1,X,
GHA,2008-01-01,2008-12-31,81,Ghana,21049,Prevalence of low birthweight (percent),6121,Value,2008,2008,%,15,X,
GHA,2009-01-01,2009-12-31,81,Ghana,21049,Prevalence of low birthweight (percent),6121,Value,2009,2009,%,14.9,X,
GHA,2010-01-01,2010-12-31,81,Ghana,21049,Prevalence of low birthweight (percent),6121,Value,2010,2010,%,14.8,X,
GHA,2011-01-01,2011-12-31,81,Ghana,21049,Prevalence of low birthweight (percent),6121,Value,2011,2011,%,14.7,X,
GHA,2012-01-01,2012-12-31,81,Ghana,21049,Prevalence of low birthweight (percent),6121,Value,2012,2012,%,14.5,X,
GHA,2013-01-01,2013-12-31,81,Ghana,21049,Prevalence of low birthweight (percent),6121,Value,2013,2013,%,14.4,X,
GHA,2014-01-01,2014-12-31,81,Ghana,21049,Prevalence of low birthweight (percent),6121,Value,2014,2014,%,14.3,X,
GHA,2015-01-01,2015-12-31,81,Ghana,21049,Prevalence of low birthweight (percent),6121,Value,2015,2015,%,14.2,X,
GHA,2000-01-01,2000-12-31,81,Ghana,21056,Minimum dietary energy requirement  (kcal/cap/day),6128,Value,2000,2000,kcal/capita/day,1726,F,
GHA,2001-01-01,2001-12-31,81,Ghana,21056,Minimum dietary energy requirement  (kcal/cap/day),6128,Value,2001,2001,kcal/capita/day,1728,F,
GHA,2002-01-01,2002-12-31,81,Ghana,21056,Minimum dietary energy requirement  (kcal/cap/day),6128,Value,2002,2002,kcal/capita/day,1731,F,
GHA,2003-01-01,2003-12-31,81,Ghana,21056,Minimum dietary energy requirement  (kcal/cap/day),6128,Value,2003,2003,kcal/capita/day,1735,F,
GHA,2004-01-01,2004-12-31,81,Ghana,21056,Minimum dietary energy requirement  (kcal/cap/day),6128,Value,2004,2004,kcal/capita/day,1741,F,
GHA,2005-01-01,2005-12-31,81,Ghana,21056,Minimum dietary energy requirement  (kcal/cap/day),6128,Value,2005,2005,kcal/capita/day,1745,F,
GHA,2006-01-01,2006-12-31,81,Ghana,21056,Minimum dietary energy requirement  (kcal/cap/day),6128,Value,2006,2006,kcal/capita/day,1749,F,
GHA,2007-01-01,2007-12-31,81,Ghana,21056,Minimum dietary energy requirement  (kcal/cap/day),6128,Value,2007,2007,kcal/capita/day,1752,F,
GHA,2008-01-01,2008-12-31,81,Ghana,21056,Minimum dietary energy requirement  (kcal/cap/day),6128,Value,2008,2008,kcal/capita/day,1756,F,
GHA,2009-01-01,2009-12-31,81,Ghana,21056,Minimum dietary energy requirement  (kcal/cap/day),6128,Value,2009,2009,kcal/capita/day,1761,F,
GHA,2010-01-01,2010-12-31,81,Ghana,21056,Minimum dietary energy requirement  (kcal/cap/day),6128,Value,2010,2010,kcal/capita/day,1765,F,
GHA,2011-01-01,2011-12-31,81,Ghana,21056,Minimum dietary energy requirement  (kcal/cap/day),6128,Value,2011,2011,kcal/capita/day,1767,F,
GHA,2012-01-01,2012-12-31,81,Ghana,21056,Minimum dietary energy requirement  (kcal/cap/day),6128,Value,2012,2012,kcal/capita/day,1770,F,
GHA,2013-01-01,2013-12-31,81,Ghana,21056,Minimum dietary energy requirement  (kcal/cap/day),6128,Value,2013,2013,kcal/capita/day,1773,F,
GHA,2014-01-01,2014-12-31,81,Ghana,21056,Minimum dietary energy requirement  (kcal/cap/day),6128,Value,2014,2014,kcal/capita/day,1776,F,
GHA,2015-01-01,2015-12-31,81,Ghana,21056,Minimum dietary energy requirement  (kcal/cap/day),6128,Value,2015,2015,kcal/capita/day,1778,F,
GHA,2016-01-01,2016-12-31,81,Ghana,21056,Minimum dietary energy requirement  (kcal/cap/day),6128,Value,2016,2016,kcal/capita/day,1779,F,
GHA,2017-01-01,2017-12-31,81,Ghana,21056,Minimum dietary energy requirement  (kcal/cap/day),6128,Value,2017,2017,kcal/capita/day,1781,F,
GHA,2018-01-01,2018-12-31,81,Ghana,21056,Minimum dietary energy requirement  (kcal/cap/day),6128,Value,2018,2018,kcal/capita/day,1783,F,
GHA,2019-01-01,2019-12-31,81,Ghana,21056,Minimum dietary energy requirement  (kcal/cap/day),6128,Value,2019,2019,kcal/capita/day,1785,F,
GHA,2020-01-01,2020-12-31,81,Ghana,21056,Minimum dietary energy requirement  (kcal/cap/day),6128,Value,2020,2020,kcal/capita/day,1787,F,
GHA,2000-01-01,2000-12-31,81,Ghana,21057,Average dietary energy requirement (kcal/cap/day),6128,Value,2000,2000,kcal/capita/day,2205,F,
GHA,2001-01-01,2001-12-31,81,Ghana,21057,Average dietary energy requirement (kcal/cap/day),6128,Value,2001,2001,kcal/capita/day,2208,F,
GHA,2002-01-01,2002-12-31,81,Ghana,21057,Average dietary energy requirement (kcal/cap/day),6128,Value,2002,2002,kcal/capita/day,2213,F,
GHA,2003-01-01,2003-12-31,81,Ghana,21057,Average dietary energy requirement (kcal/cap/day),6128,Value,2003,2003,kcal/capita/day,2218,F,
GHA,2004-01-01,2004-12-31,81,Ghana,21057,Average dietary energy requirement (kcal/cap/day),6128,Value,2004,2004,kcal/capita/day,2227,F,
GHA,2005-01-01,2005-12-31,81,Ghana,21057,Average dietary energy requirement (kcal/cap/day),6128,Value,2005,2005,kcal/capita/day,2233,F,
GHA,2006-01-01,2006-12-31,81,Ghana,21057,Average dietary energy requirement (kcal/cap/day),6128,Value,2006,2006,kcal/capita/day,2239,F,
GHA,2007-01-01,2007-12-31,81,Ghana,21057,Average dietary energy requirement (kcal/cap/day),6128,Value,2007,2007,kcal/capita/day,2245,F,
GHA,2008-01-01,2008-12-31,81,Ghana,21057,Average dietary energy requirement (kcal/cap/day),6128,Value,2008,2008,kcal/capita/day,2250,F,
GHA,2009-01-01,2009-12-31,81,Ghana,21057,Average dietary energy requirement (kcal/cap/day),6128,Value,2009,2009,kcal/capita/day,2258,F,
GHA,2010-01-01,2010-12-31,81,Ghana,21057,Average dietary energy requirement (kcal/cap/day),6128,Value,2010,2010,kcal/capita/day,2263,F,
GHA,2011-01-01,2011-12-31,81,Ghana,21057,Average dietary energy requirement (kcal/cap/day),6128,Value,2011,2011,kcal/capita/day,2267,F,
GHA,2012-01-01,2012-12-31,81,Ghana,21057,Average dietary energy requirement (kcal/cap/day),6128,Value,2012,2012,kcal/capita/day,2270,F,
GHA,2013-01-01,2013-12-31,81,Ghana,21057,Average dietary energy requirement (kcal/cap/day),6128,Value,2013,2013,kcal/capita/day,2274,F,
GHA,2014-01-01,2014-12-31,81,Ghana,21057,Average dietary energy requirement (kcal/cap/day),6128,Value,2014,2014,kcal/capita/day,2279,F,
GHA,2015-01-01,2015-12-31,81,Ghana,21057,Average dietary energy requirement (kcal/cap/day),6128,Value,2015,2015,kcal/capita/day,2281,F,
GHA,2016-01-01,2016-12-31,81,Ghana,21057,Average dietary energy requirement (kcal/cap/day),6128,Value,2016,2016,kcal/capita/day,2283,F,
GHA,2017-01-01,2017-12-31,81,Ghana,21057,Average dietary energy requirement (kcal/cap/day),6128,Value,2017,2017,kcal/capita/day,2285,F,
GHA,2018-01-01,2018-12-31,81,Ghana,21057,Average dietary energy requirement (kcal/cap/day),6128,Value,2018,2018,kcal/capita/day,2288,F,
GHA,2019-01-01,2019-12-31,81,Ghana,21057,Average dietary energy requirement (kcal/cap/day),6128,Value,2019,2019,kcal/capita/day,2291,F,
GHA,2020-01-01,2020-12-31,81,Ghana,21057,Average dietary energy requirement (kcal/cap/day),6128,Value,2020,2020,kcal/capita/day,2295,F,
GHA,2000-01-01,2000-12-31,81,Ghana,21058,Coefficient of variation of habitual caloric consumption distribution (real number),6173,Value,2000,2000,Number,0.28,F,
GHA,2001-01-01,2001-12-31,81,Ghana,21058,Coefficient of variation of habitual caloric consumption distribution (real number),6173,Value,2001,2001,Number,0.28,F,
GHA,2002-01-01,2002-12-31,81,Ghana,21058,Coefficient of variation of habitual caloric consumption distribution (real number),6173,Value,2002,2002,Number,0.28,F,
GHA,2003-01-01,2003-12-31,81,Ghana,21058,Coefficient of variation of habitual caloric consumption distribution (real number),6173,Value,2003,2003,Number,0.28,F,
GHA,2004-01-01,2004-12-31,81,Ghana,21058,Coefficient of variation of habitual caloric consumption distribution (real number),6173,Value,2004,2004,Number,0.29,F,
GHA,2005-01-01,2005-12-31,81,Ghana,21058,Coefficient of variation of habitual caloric consumption distribution (real number),6173,Value,2005,2005,Number,0.29,F,
GHA,2006-01-01,2006-12-31,81,Ghana,21058,Coefficient of variation of habitual caloric consumption distribution (real number),6173,Value,2006,2006,Number,0.29,F,
GHA,2007-01-01,2007-12-31,81,Ghana,21058,Coefficient of variation of habitual caloric consumption distribution (real number),6173,Value,2007,2007,Number,0.29,F,
GHA,2008-01-01,2008-12-31,81,Ghana,21058,Coefficient of variation of habitual caloric consumption distribution (real number),6173,Value,2008,2008,Number,0.29,F,
GHA,2009-01-01,2009-12-31,81,Ghana,21058,Coefficient of variation of habitual caloric consumption distribution (real number),6173,Value,2009,2009,Number,0.29,F,
GHA,2010-01-01,2010-12-31,81,Ghana,21058,Coefficient of variation of habitual caloric consumption distribution (real number),6173,Value,2010,2010,Number,0.29,F,
GHA,2011-01-01,2011-12-31,81,Ghana,21058,Coefficient of variation of habitual caloric consumption distribution (real number),6173,Value,2011,2011,Number,0.29,F,
GHA,2012-01-01,2012-12-31,81,Ghana,21058,Coefficient of variation of habitual caloric consumption distribution (real number),6173,Value,2012,2012,Number,0.29,F,
GHA,2013-01-01,2013-12-31,81,Ghana,21058,Coefficient of variation of habitual caloric consumption distribution (real number),6173,Value,2013,2013,Number,0.29,F,
GHA,2014-01-01,2014-12-31,81,Ghana,21058,Coefficient of variation of habitual caloric consumption distribution (real number),6173,Value,2014,2014,Number,0.29,F,
GHA,2015-01-01,2015-12-31,81,Ghana,21058,Coefficient of variation of habitual caloric consumption distribution (real number),6173,Value,2015,2015,Number,0.29,F,
GHA,2016-01-01,2016-12-31,81,Ghana,21058,Coefficient of variation of habitual caloric consumption distribution (real number),6173,Value,2016,2016,Number,0.29,F,
GHA,2017-01-01,2017-12-31,81,Ghana,21058,Coefficient of variation of habitual caloric consumption distribution (real number),6173,Value,2017,2017,Number,0.29,F,
GHA,2018-01-01,2018-12-31,81,Ghana,21058,Coefficient of variation of habitual caloric consumption distribution (real number),6173,Value,2018,2018,Number,0.29,F,
GHA,2019-01-01,2019-12-31,81,Ghana,21058,Coefficient of variation of habitual caloric consumption distribution (real number),6173,Value,2019,2019,Number,0.29,F,
GHA,2020-01-01,2020-12-31,81,Ghana,21058,Coefficient of variation of habitual caloric consumption distribution (real number),6173,Value,2020,2020,Number,0.3,F,
GHA,2000-01-01,2000-12-31,81,Ghana,21059,Incidence of caloric losses at retail distribution level (percent),6121,Value,2000,2000,%,5.21,F,
GHA,2001-01-01,2001-12-31,81,Ghana,21059,Incidence of caloric losses at retail distribution level (percent),6121,Value,2001,2001,%,5.19,F,
GHA,2002-01-01,2002-12-31,81,Ghana,21059,Incidence of caloric losses at retail distribution level (percent),6121,Value,2002,2002,%,5.13,F,
GHA,2003-01-01,2003-12-31,81,Ghana,21059,Incidence of caloric losses at retail distribution level (percent),6121,Value,2003,2003,%,5.07,F,
GHA,2004-01-01,2004-12-31,81,Ghana,21059,Incidence of caloric losses at retail distribution level (percent),6121,Value,2004,2004,%,5.14,F,
GHA,2005-01-01,2005-12-31,81,Ghana,21059,Incidence of caloric losses at retail distribution level (percent),6121,Value,2005,2005,%,5.14,F,
GHA,2006-01-01,2006-12-31,81,Ghana,21059,Incidence of caloric losses at retail distribution level (percent),6121,Value,2006,2006,%,5.1,F,
GHA,2007-01-01,2007-12-31,81,Ghana,21059,Incidence of caloric losses at retail distribution level (percent),6121,Value,2007,2007,%,5.35,F,
GHA,2008-01-01,2008-12-31,81,Ghana,21059,Incidence of caloric losses at retail distribution level (percent),6121,Value,2008,2008,%,5.14,F,
GHA,2009-01-01,2009-12-31,81,Ghana,21059,Incidence of caloric losses at retail distribution level (percent),6121,Value,2009,2009,%,5.14,F,
GHA,2010-01-01,2010-12-31,81,Ghana,21059,Incidence of caloric losses at retail distribution level (percent),6121,Value,2010,2010,%,5.03,F,
GHA,2011-01-01,2011-12-31,81,Ghana,21059,Incidence of caloric losses at retail distribution level (percent),6121,Value,2011,2011,%,5.29,F,
GHA,2012-01-01,2012-12-31,81,Ghana,21059,Incidence of caloric losses at retail distribution level (percent),6121,Value,2012,2012,%,5.17,F,
GHA,2013-01-01,2013-12-31,81,Ghana,21059,Incidence of caloric losses at retail distribution level (percent),6121,Value,2013,2013,%,5.25,F,
GHA,2014-01-01,2014-12-31,81,Ghana,21059,Incidence of caloric losses at retail distribution level (percent),6121,Value,2014,2014,%,5.25,F,
GHA,2015-01-01,2015-12-31,81,Ghana,21059,Incidence of caloric losses at retail distribution level (percent),6121,Value,2015,2015,%,5.25,F,
GHA,2016-01-01,2016-12-31,81,Ghana,21059,Incidence of caloric losses at retail distribution level (percent),6121,Value,2016,2016,%,5.25,F,
GHA,2017-01-01,2017-12-31,81,Ghana,21059,Incidence of caloric losses at retail distribution level (percent),6121,Value,2017,2017,%,5.25,F,
GHA,2018-01-01,2018-12-31,81,Ghana,21059,Incidence of caloric losses at retail distribution level (percent),6121,Value,2018,2018,%,5.25,F,
GHA,2019-01-01,2019-12-31,81,Ghana,21059,Incidence of caloric losses at retail distribution level (percent),6121,Value,2019,2019,%,5.25,F,
GHA,2020-01-01,2020-12-31,81,Ghana,21059,Incidence of caloric losses at retail distribution level (percent),6121,Value,2020,2020,%,5.25,F,
GHA,2000-01-01,2002-12-31,81,Ghana,21061,Average fat supply (g/cap/day) (3-year average),6123,Value,20002002,2002,g/capita/day,40.4,F,
GHA,2001-01-01,2003-12-31,81,Ghana,21061,Average fat supply (g/cap/day) (3-year average),6123,Value,20012003,2003,g/capita/day,41.4,F,
GHA,2002-01-01,2004-12-31,81,Ghana,21061,Average fat supply (g/cap/day) (3-year average),6123,Value,20022004,2004,g/capita/day,42.3,F,
GHA,2003-01-01,2005-12-31,81,Ghana,21061,Average fat supply (g/cap/day) (3-year average),6123,Value,20032005,2005,g/capita/day,42.4,F,
GHA,2004-01-01,2006-12-31,81,Ghana,21061,Average fat supply (g/cap/day) (3-year average),6123,Value,20042006,2006,g/capita/day,44.1,F,
GHA,2005-01-01,2007-12-31,81,Ghana,21061,Average fat supply (g/cap/day) (3-year average),6123,Value,20052007,2007,g/capita/day,44.7,F,
GHA,2006-01-01,2008-12-31,81,Ghana,21061,Average fat supply (g/cap/day) (3-year average),6123,Value,20062008,2008,g/capita/day,46.4,F,
GHA,2007-01-01,2009-12-31,81,Ghana,21061,Average fat supply (g/cap/day) (3-year average),6123,Value,20072009,2009,g/capita/day,46.7,F,
GHA,2008-01-01,2010-12-31,81,Ghana,21061,Average fat supply (g/cap/day) (3-year average),6123,Value,20082010,2010,g/capita/day,48.7,F,
GHA,2009-01-01,2011-12-31,81,Ghana,21061,Average fat supply (g/cap/day) (3-year average),6123,Value,20092011,2011,g/capita/day,47.3,F,
GHA,2010-01-01,2012-12-31,81,Ghana,21061,Average fat supply (g/cap/day) (3-year average),6123,Value,20102012,2012,g/capita/day,47.3,F,
GHA,2011-01-01,2013-12-31,81,Ghana,21061,Average fat supply (g/cap/day) (3-year average),6123,Value,20112013,2013,g/capita/day,46,F,
GHA,2012-01-01,2014-12-31,81,Ghana,21061,Average fat supply (g/cap/day) (3-year average),6123,Value,20122014,2014,g/capita/day,44.6,F,
GHA,2013-01-01,2015-12-31,81,Ghana,21061,Average fat supply (g/cap/day) (3-year average),6123,Value,20132015,2015,g/capita/day,42,F,
GHA,2014-01-01,2016-12-31,81,Ghana,21061,Average fat supply (g/cap/day) (3-year average),6123,Value,20142016,2016,g/capita/day,40,F,
GHA,2015-01-01,2017-12-31,81,Ghana,21061,Average fat supply (g/cap/day) (3-year average),6123,Value,20152017,2017,g/capita/day,39.3,F,
GHA,2016-01-01,2018-12-31,81,Ghana,21061,Average fat supply (g/cap/day) (3-year average),6123,Value,20162018,2018,g/capita/day,39.7,F,
